ID,TIME,DV,EVID,AMT,CMT,MDV,II,SS,RATE,LAGC
1,9,0,1,100,1,1,0,0,0,2
1,9.5,0,0,0,2,0,0,0,0,2
1,10,0,3,0,1,1,0,0,0,2
1,10.001,0,1,100,1,1,0,0,0,2
1,10.5,0,0,0,2,0,0,0,0,2
1,11.5,0,0,0,2,0,0,0,0,2
1,12.5,0,0,0,2,0,0,0,0,2
1,14,0,0,0,2,0,0,0,0,2
1,20,0,0,0,2,0,0,0,0,2
2,9,0,1,100,1,1,0,0,0,2
2,9.5,0,0,0,2,0,0,0,0,2
2,10,0,3,0,1,1,0,0,0,2
2,10.5,0,0,0,2,0,0,0,0,2
2,11.5,0,0,0,2,0,0,0,0,2
2,12.5,0,0,0,2,0,0,0,0,2
2,14,0,0,0,2,0,0,0,0,2
2,20,0,0,0,2,0,0,0,0,2
3,8.5,0,3,0,1,1,0,0,0,2
3,9,0,1,100,1,1,0,0,0,2
3,9.5,0,0,0,2,0,0,0,0,2
3,10.5,0,0,0,2,0,0,0,0,2
3,11.5,0,0,0,2,0,0,0,0,2
3,12.5,0,0,0,2,0,0,0,0,2
3,14,0,0,0,2,0,0,0,0,2
3,20,0,0,0,2,0,0,0,0,2
4,9,0,1,100,1,1,0,0,0,2
4,9.5,0,0,0,2,0,0,0,0,2
4,10.5,0,0,0,2,0,0,0,0,2
4,11.5,0,0,0,2,0,0,0,0,2
4,12,0,3,0,1,1,0,0,0,2
4,12.5,0,0,0,2,0,0,0,0,2
4,14,0,0,0,2,0,0,0,0,2
4,20,0,0,0,2,0,0,0,0,2
5,9,0,1,100,1,1,0,0,0,2
5,9.5,0,0,0,2,0,0,0,0,2
5,10,0,4,100,1,1,0,0,0,2
5,10.5,0,0,0,2,0,0,0,0,2
5,11.5,0,0,0,2,0,0,0,0,2
5,12.5,0,0,0,2,0,0,0,0,2
5,14,0,0,0,2,0,0,0,0,2
5,20,0,0,0,2,0,0,0,0,2
6,8.5,0,4,100,1,1,0,0,0,2
6,9,0,1,100,1,1,0,0,0,2
6,9.5,0,0,0,2,0,0,0,0,2
6,10.5,0,0,0,2,0,0,0,0,2
6,11.5,0,0,0,2,0,0,0,0,2
6,12.5,0,0,0,2,0,0,0,0,2
6,14,0,0,0,2,0,0,0,0,2
6,20,0,0,0,2,0,0,0,0,2
7,9.5,0,0,0,2,0,0,0,0,2
7,10,0,1,100,1,1,0,0,0,2
7,10,0,3,0,1,1,0,0,0,2
7,10.5,0,0,0,2,0,0,0,0,2
7,11.5,0,0,0,2,0,0,0,0,2
7,12.5,0,0,0,2,0,0,0,0,2
7,14,0,0,0,2,0,0,0,0,2
7,20,0,0,0,2,0,0,0,0,2
8,9.5,0,0,0,2,0,0,0,0,2
8,10,0,3,0,1,1,0,0,0,2
8,10,0,1,100,1,1,0,0,0,2
8,10.5,0,0,0,2,0,0,0,0,2
8,11.5,0,0,0,2,0,0,0,0,2
8,12.5,0,0,0,2,0,0,0,0,2
8,14,0,0,0,2,0,0,0,0,2
8,20,0,0,0,2,0,0,0,0,2
9,9.5,0,0,0,2,0,0,0,0,0
9,10,0,1,100,1,1,0,0,0,0
9,10,0,3,0,1,1,0,0,0,0
9,10.5,0,0,0,2,0,0,0,0,0
9,11.5,0,0,0,2,0,0,0,0,0
9,12.5,0,0,0,2,0,0,0,0,0
9,14,0,0,0,2,0,0,0,0,0
9,20,0,0,0,2,0,0,0,0,0
10,9.5,0,0,0,2,0,0,0,0,0
10,10,0,3,0,1,1,0,0,0,0
10,10,0,1,100,1,1,0,0,0,0
10,10.5,0,0,0,2,0,0,0,0,0
10,11.5,0,0,0,2,0,0,0,0,0
10,12.5,0,0,0,2,0,0,0,0,0
10,14,0,0,0,2,0,0,0,0,0
10,20,0,0,0,2,0,0,0,0,0
11,9,0,1,100,1,1,0,0,50,2
11,9.5,0,0,0,2,0,0,0,0,2
11,10,0,3,0,1,1,0,0,0,2
11,10.5,0,0,0,2,0,0,0,0,2
11,11.5,0,0,0,2,0,0,0,0,2
11,12.5,0,0,0,2,0,0,0,0,2
11,14,0,0,0,2,0,0,0,0,2
11,20,0,0,0,2,0,0,0,0,2
12,9,0,1,100,1,1,0,0,25,0
12,9.5,0,0,0,2,0,0,0,0,0
12,10,0,3,0,1,1,0,0,0,0
12,10.5,0,0,0,2,0,0,0,0,0
12,11.5,0,0,0,2,0,0,0,0,0
12,12.5,0,0,0,2,0,0,0,0,0
12,14,0,0,0,2,0,0,0,0,0
12,20,0,0,0,2,0,0,0,0,0
13,10,0,1,100,1,1,12,1,0,11
13,15,0,3,0,1,1,0,0,0,11
13,16,0,0,0,2,0,0,0,0,11
13,22,0,0,0,2,0,0,0,0,11
13,30,0,0,0,2,0,0,0,0,11
14,10,0,1,100,1,1,12,1,0,11
14,16,0,0,0,2,0,0,0,0,11
14,22,0,0,0,2,0,0,0,0,11
14,30,0,0,0,2,0,0,0,0,11
15,9.5,0,0,0,2,0,0,0,0,2
15,10,0,1,100,1,1,0,0,0,2
15,10,0,4,100,1,1,0,0,0,2
15,10.5,0,0,0,2,0,0,0,0,2
15,11.5,0,0,0,2,0,0,0,0,2
15,12.5,0,0,0,2,0,0,0,0,2
15,14,0,0,0,2,0,0,0,0,2
15,20,0,0,0,2,0,0,0,0,2
16,9,0,1,100,1,1,0,0,0,2
16,9.5,0,0,0,2,0,0,0,0,2
16,10,0,3,0,1,1,0,0,0,2
16,10.001,0,1,100,2,1,0,0,0,2
16,10.5,0,0,0,2,0,0,0,0,2
16,11.5,0,0,0,2,0,0,0,0,2
16,12.5,0,0,0,2,0,0,0,0,2
16,14,0,0,0,2,0,0,0,0,2
16,20,0,0,0,2,0,0,0,0,2
17,9,0,1,100,1,1,0,0,400,2
17,9.5,0,0,0,2,0,0,0,0,2
17,10,0,3,0,1,1,0,0,0,2
17,10.5,0,0,0,2,0,0,0,0,2
17,11.5,0,0,0,2,0,0,0,0,2
17,12.5,0,0,0,2,0,0,0,0,2
17,14,0,0,0,2,0,0,0,0,2
17,15,0,0,0,2,0,0,0,0,2
17,16,0,0,0,2,0,0,0,0,2
17,20,0,0,0,2,0,0,0,0,2
18,9,0,1,100,1,1,0,0,50,5
18,9.5,0,0,0,2,0,0,0,0,5
18,10,0,3,0,1,1,0,0,0,5
18,10.5,0,0,0,2,0,0,0,0,5
18,11.5,0,0,0,2,0,0,0,0,5
18,12.5,0,0,0,2,0,0,0,0,5
18,14,0,0,0,2,0,0,0,0,5
18,15,0,0,0,2,0,0,0,0,5
18,16,0,0,0,2,0,0,0,0,5
18,20,0,0,0,2,0,0,0,0,5
19,9,0,1,100,1,1,0,0,50,5
19,9.5,0,0,0,2,0,0,0,0,5
19,10.5,0,0,0,2,0,0,0,0,5
19,11.5,0,0,0,2,0,0,0,0,5
19,12.5,0,0,0,2,0,0,0,0,5
19,14,0,0,0,2,0,0,0,0,5
19,15,0,0,0,2,0,0,0,0,5
19,16,0,0,0,2,0,0,0,0,5
19,20,0,0,0,2,0,0,0,0,5
20,8,0,1,100,1,1,0,0,0,2
20,9.5,0,0,0,2,0,0,0,0,2
20,10,0,3,0,1,1,0,0,0,2
20,10.5,0,0,0,2,0,0,0,0,2
20,11.5,0,0,0,2,0,0,0,0,2
20,12.5,0,0,0,2,0,0,0,0,2
20,14,0,0,0,2,0,0,0,0,2
20,20,0,0,0,2,0,0,0,0,2
21,8,0,1,100,1,1,0,0,0,2
21,9.5,0,0,0,2,0,0,0,0,2
21,10,0,4,100,1,1,0,0,0,2
21,10.5,0,0,0,2,0,0,0,0,2
21,11.5,0,0,0,2,0,0,0,0,2
21,12.5,0,0,0,2,0,0,0,0,2
21,14,0,0,0,2,0,0,0,0,2
21,20,0,0,0,2,0,0,0,0,2
