ID,TIME,DV,EVID,AMT,CMT,MDV,STUDY
1,0,.,1,100,1,1,1
1,1,4.6,0,.,1,0,1
1,2,4.1,0,.,1,0,1
1,4,3.3,0,.,1,0,1
1,5,1,0,.,2,0,1
2,0,.,1,100,1,1,1
2,1,4.6,0,.,1,0,1
2,2,4.1,0,.,1,0,1
2,4,3.3,0,.,1,0,1
2,6,1,0,.,2,0,1
3,0,.,1,100,1,1,2
3,1,4.6,0,.,1,0,2
3,2,4.1,0,.,1,0,2
3,4,3.3,0,.,1,0,2
3,7,1,0,.,2,0,2
4,0,.,1,100,1,1,2
4,1,4.6,0,.,1,0,2
4,2,4.1,0,.,1,0,2
4,4,3.3,0,.,1,0,2
4,8,1,0,.,2,0,2
5,0,.,1,100,1,1,3
5,1,4.6,0,.,1,0,3
5,2,4.1,0,.,1,0,3
5,4,3.3,0,.,1,0,3
5,9,1,0,.,2,0,3
6,0,.,1,100,1,1,3
6,1,4.6,0,.,1,0,3
6,2,4.1,0,.,1,0,3
6,4,3.3,0,.,1,0,3
6,10,1,0,.,2,0,3
98,0,.,2,.,1,1,1
98,7,1,0,.,2,0,1
99,0,.,2,.,1,1,3
99,7,1,0,.,2,0,3
