ID,TIME,DV,EVID,AMT,CMT,MDV,FREE,L2
1,0.0,0,1,100,1,1,0,0
1,1.0,9.14108,0,0,1,0,0,1
1,1.0,3.239773,0,0,1,0,1,1
1,4.0,5.253778,0,0,1,0,0,2
1,4.0,5.081653,0,0,1,0,1,2
1,12.0,0,1,100,1,1,0,0
1,13.0,9.26065,0,0,1,0,0,3
1,13.0,13.386447,0,0,1,0,1,3
1,24.0,1.613383,0,0,1,0,0,4
1,24.0,1.571796,0,0,1,0,1,4
2,0.0,0,1,100,1,1,0,0
2,1.0,8.940246,0,0,1,0,0,1
2,1.0,11.879932,0,0,1,0,1,1
2,4.0,6.938116,0,0,1,0,0,2
2,4.0,6.467826,0,0,1,0,1,2
2,12.0,0,1,100,1,1,0,0
2,13.0,11.931862,0,0,1,0,0,3
2,13.0,15.486199,0,0,1,0,1,3
2,24.0,4.105639,0,0,1,0,0,4
2,24.0,4.306881,0,0,1,0,1,4
3,0.0,0,1,100,1,1,0,0
3,1.0,9.238105,0,0,1,0,0,1
3,1.0,8.746953,0,0,1,0,1,1
3,4.0,7.611137,0,0,1,0,0,2
3,4.0,6.069246,0,0,1,0,1,2
3,12.0,0,1,100,1,1,0,0
3,13.0,12.435075,0,0,1,0,0,3
3,13.0,19.484423,0,0,1,0,1,3
3,24.0,6.038986,0,0,1,0,0,4
3,24.0,5.907364,0,0,1,0,1,4
4,0.0,0,1,100,1,1,0,0
4,1.0,9.570696,0,0,1,0,0,1
4,1.0,9.190672,0,0,1,0,1,1
4,4.0,8.004772,0,0,1,0,0,2
4,4.0,5.784579,0,0,1,0,1,2
4,12.0,0,1,100,1,1,0,0
4,13.0,12.940237,0,0,1,0,0,3
4,13.0,18.062982,0,0,1,0,1,3
4,24.0,6.604262,0,0,1,0,0,4
4,24.0,6.985502,0,0,1,0,1,4
5,0.0,0,1,100,1,1,0,0
5,1.0,9.08295,0,0,1,0,0,1
5,1.0,12.297157,0,0,1,0,1,1
5,4.0,7.766102,0,0,1,0,0,2
5,4.0,4.953763,0,0,1,0,1,2
5,12.0,0,1,100,1,1,0,0
5,13.0,14.225198,0,0,1,0,0,3
5,13.0,11.118456,0,0,1,0,1,3
5,24.0,6.647341,0,0,1,0,0,4
5,24.0,6.718091,0,0,1,0,1,4
6,0.0,0,1,100,1,1,0,0
6,1.0,8.566157,0,0,1,0,0,1
6,1.0,6.757483,0,0,1,0,1,1
6,4.0,6.270021,0,0,1,0,0,2
6,4.0,6.083921,0,0,1,0,1,2
6,12.0,0,1,100,1,1,0,0
6,13.0,11.727796,0,0,1,0,0,3
6,13.0,9.309523,0,0,1,0,1,3
6,24.0,2.913051,0,0,1,0,0,4
6,24.0,3.585515,0,0,1,0,1,4
7,0.0,0,1,100,1,1,0,0
7,1.0,8.922535,0,0,1,0,0,1
7,1.0,12.364938,0,0,1,0,1,1
7,4.0,6.251231,0,0,1,0,0,2
7,4.0,5.894397,0,0,1,0,1,2
7,12.0,0,1,100,1,1,0,0
7,13.0,10.805513,0,0,1,0,0,3
7,13.0,12.550206,0,0,1,0,1,3
7,24.0,3.122784,0,0,1,0,0,4
7,24.0,2.82486,0,0,1,0,1,4
8,0.0,0,1,100,1,1,0,0
8,1.0,8.818499,0,0,1,0,0,1
8,1.0,11.871576,0,0,1,0,1,1
8,4.0,7.789616,0,0,1,0,0,2
8,4.0,8.272497,0,0,1,0,1,2
8,12.0,0,1,100,1,1,0,0
8,13.0,14.41131,0,0,1,0,0,3
8,13.0,12.500405,0,0,1,0,1,3
8,24.0,7.996903,0,0,1,0,0,4
8,24.0,8.658853,0,0,1,0,1,4
9,0.0,0,1,100,1,1,0,0
9,1.0,9.306726,0,0,1,0,0,1
9,1.0,8.58381,0,0,1,0,1,1
9,4.0,6.122352,0,0,1,0,0,2
9,4.0,7.839365,0,0,1,0,1,2
9,12.0,0,1,100,1,1,0,0
9,13.0,11.155641,0,0,1,0,0,3
9,13.0,12.222335,0,0,1,0,1,3
9,24.0,3.29997,0,0,1,0,0,4
9,24.0,5.343214,0,0,1,0,1,4
10,0.0,0,1,100,1,1,0,0
10,1.0,8.921687,0,0,1,0,0,1
10,1.0,7.714392,0,0,1,0,1,1
10,4.0,6.860301,0,0,1,0,0,2
10,4.0,5.248706,0,0,1,0,1,2
10,12.0,0,1,100,1,1,0,0
10,13.0,11.133331,0,0,1,0,0,3
10,13.0,14.151248,0,0,1,0,1,3
10,24.0,3.735276,0,0,1,0,0,4
10,24.0,1.265248,0,0,1,0,1,4
11,0.0,0,1,100,1,1,0,0
11,1.0,9.38671,0,0,1,0,0,1
11,1.0,6.933973,0,0,1,0,1,1
11,4.0,6.434967,0,0,1,0,0,2
11,4.0,10.41548,0,0,1,0,1,2
11,12.0,0,1,100,1,1,0,0
11,13.0,12.790891,0,0,1,0,0,3
11,13.0,9.943781,0,0,1,0,1,3
11,24.0,4.626281,0,0,1,0,0,4
11,24.0,3.553576,0,0,1,0,1,4
12,0.0,0,1,100,1,1,0,0
12,1.0,9.633881,0,0,1,0,0,1
12,1.0,2.196303,0,0,1,0,1,1
12,4.0,6.158084,0,0,1,0,0,2
12,4.0,7.134866,0,0,1,0,1,2
12,12.0,0,1,100,1,1,0,0
12,13.0,11.27395,0,0,1,0,0,3
12,13.0,11.731796,0,0,1,0,1,3
12,24.0,3.253103,0,0,1,0,0,4
12,24.0,1.715466,0,0,1,0,1,4
13,0.0,0,1,100,1,1,0,0
13,1.0,8.448362,0,0,1,0,0,1
13,1.0,11.267752,0,0,1,0,1,1
13,4.0,6.344017,0,0,1,0,0,2
13,4.0,3.84716,0,0,1,0,1,2
13,12.0,0,1,100,1,1,0,0
13,13.0,10.550971,0,0,1,0,0,3
13,13.0,12.7087,0,0,1,0,1,3
13,24.0,2.726131,0,0,1,0,0,4
13,24.0,3.353503,0,0,1,0,1,4
14,0.0,0,1,100,1,1,0,0
14,1.0,8.30389,0,0,1,0,0,1
14,1.0,8.852581,0,0,1,0,1,1
14,4.0,4.844875,0,0,1,0,0,2
14,4.0,2.495935,0,0,1,0,1,2
14,12.0,0,1,100,1,1,0,0
14,13.0,8.78854,0,0,1,0,0,3
14,13.0,11.753045,0,0,1,0,1,3
14,24.0,1.032695,0,0,1,0,0,4
14,24.0,1.450338,0,0,1,0,1,4
15,0.0,0,1,100,1,1,0,0
15,1.0,9.501082,0,0,1,0,0,1
15,1.0,8.651311,0,0,1,0,1,1
15,4.0,6.500159,0,0,1,0,0,2
15,4.0,7.379758,0,0,1,0,1,2
15,12.0,0,1,100,1,1,0,0
15,13.0,11.248623,0,0,1,0,0,3
15,13.0,13.095586,0,0,1,0,1,3
15,24.0,3.998084,0,0,1,0,0,4
15,24.0,4.375315,0,0,1,0,1,4
16,0.0,0,1,100,1,1,0,0
16,1.0,8.735188,0,0,1,0,0,1
16,1.0,9.186148,0,0,1,0,1,1
16,4.0,5.558552,0,0,1,0,0,2
16,4.0,6.119814,0,0,1,0,1,2
16,12.0,0,1,100,1,1,0,0
16,13.0,10.284872,0,0,1,0,0,3
16,13.0,9.299143,0,0,1,0,1,3
16,24.0,2.708394,0,0,1,0,0,4
16,24.0,1.208458,0,0,1,0,1,4
17,0.0,0,1,100,1,1,0,0
17,1.0,8.808296,0,0,1,0,0,1
17,1.0,12.264835,0,0,1,0,1,1
17,4.0,6.641449,0,0,1,0,0,2
17,4.0,4.962982,0,0,1,0,1,2
17,12.0,0,1,100,1,1,0,0
17,13.0,11.795992,0,0,1,0,0,3
17,13.0,5.555996,0,0,1,0,1,3
17,24.0,3.308708,0,0,1,0,0,4
17,24.0,3.102476,0,0,1,0,1,4
18,0.0,0,1,100,1,1,0,0
18,1.0,9.934045,0,0,1,0,0,1
18,1.0,7.851639,0,0,1,0,1,1
18,4.0,7.930542,0,0,1,0,0,2
18,4.0,3.326907,0,0,1,0,1,2
18,12.0,0,1,100,1,1,0,0
18,13.0,12.105763,0,0,1,0,0,3
18,13.0,16.377472,0,0,1,0,1,3
18,24.0,5.843074,0,0,1,0,0,4
18,24.0,5.862273,0,0,1,0,1,4
19,0.0,0,1,100,1,1,0,0
19,1.0,9.361529,0,0,1,0,0,1
19,1.0,11.441684,0,0,1,0,1,1
19,4.0,7.386504,0,0,1,0,0,2
19,4.0,5.763163,0,0,1,0,1,2
19,12.0,0,1,100,1,1,0,0
19,13.0,13.463061,0,0,1,0,0,3
19,13.0,9.314844,0,0,1,0,1,3
19,24.0,5.099121,0,0,1,0,0,4
19,24.0,5.694837,0,0,1,0,1,4
20,0.0,0,1,100,1,1,0,0
20,1.0,9.219363,0,0,1,0,0,1
20,1.0,6.4579,0,0,1,0,1,1
20,4.0,6.339325,0,0,1,0,0,2
20,4.0,8.380541,0,0,1,0,1,2
20,12.0,0,1,100,1,1,0,0
20,13.0,10.765952,0,0,1,0,0,3
20,13.0,13.257263,0,0,1,0,1,3
20,24.0,3.613705,0,0,1,0,0,4
20,24.0,4.312921,0,0,1,0,1,4
21,0.0,0,1,100,1,1,0,0
21,1.0,9.253803,0,0,1,0,0,1
21,1.0,8.301591,0,0,1,0,1,1
21,4.0,6.69979,0,0,1,0,0,2
21,4.0,7.244105,0,0,1,0,1,2
21,12.0,0,1,100,1,1,0,0
21,13.0,11.284484,0,0,1,0,0,3
21,13.0,14.642141,0,0,1,0,1,3
21,24.0,3.800519,0,0,1,0,0,4
21,24.0,3.74183,0,0,1,0,1,4
22,0.0,0,1,100,1,1,0,0
22,1.0,8.366834,0,0,1,0,0,1
22,1.0,8.853414,0,0,1,0,1,1
22,4.0,5.301827,0,0,1,0,0,2
22,4.0,6.485866,0,0,1,0,1,2
22,12.0,0,1,100,1,1,0,0
22,13.0,10.53197,0,0,1,0,0,3
22,13.0,12.290594,0,0,1,0,1,3
22,24.0,1.923863,0,0,1,0,0,4
22,24.0,1.970901,0,0,1,0,1,4
23,0.0,0,1,100,1,1,0,0
23,1.0,9.766795,0,0,1,0,0,1
23,1.0,5.438526,0,0,1,0,1,1
23,4.0,6.421672,0,0,1,0,0,2
23,4.0,10.908471,0,0,1,0,1,2
23,12.0,0,1,100,1,1,0,0
23,13.0,12.134557,0,0,1,0,0,3
23,13.0,15.922126,0,0,1,0,1,3
23,24.0,4.52663,0,0,1,0,0,4
23,24.0,5.722525,0,0,1,0,1,4
24,0.0,0,1,100,1,1,0,0
24,1.0,9.609143,0,0,1,0,0,1
24,1.0,5.058303,0,0,1,0,1,1
24,4.0,6.968441,0,0,1,0,0,2
24,4.0,6.721168,0,0,1,0,1,2
24,12.0,0,1,100,1,1,0,0
24,13.0,12.515876,0,0,1,0,0,3
24,13.0,10.533558,0,0,1,0,1,3
24,24.0,4.475811,0,0,1,0,0,4
24,24.0,2.360431,0,0,1,0,1,4
25,0.0,0,1,100,1,1,0,0
25,1.0,8.861809,0,0,1,0,0,1
25,1.0,8.203733,0,0,1,0,1,1
25,4.0,6.419367,0,0,1,0,0,2
25,4.0,6.562149,0,0,1,0,1,2
25,12.0,0,1,100,1,1,0,0
25,13.0,12.367901,0,0,1,0,0,3
25,13.0,3.997027,0,0,1,0,1,3
25,24.0,3.553801,0,0,1,0,0,4
25,24.0,3.736025,0,0,1,0,1,4
26,0.0,0,1,100,1,1,0,0
26,1.0,8.014434,0,0,1,0,0,1
26,1.0,11.516923,0,0,1,0,1,1
26,4.0,5.061461,0,0,1,0,0,2
26,4.0,6.514488,0,0,1,0,1,2
26,12.0,0,1,100,1,1,0,0
26,13.0,9.959257,0,0,1,0,0,3
26,13.0,9.620411,0,0,1,0,1,3
26,24.0,1.618783,0,0,1,0,0,4
26,24.0,1.264338,0,0,1,0,1,4
27,0.0,0,1,100,1,1,0,0
27,1.0,8.427961,0,0,1,0,0,1
27,1.0,10.625968,0,0,1,0,1,1
27,4.0,6.523034,0,0,1,0,0,2
27,4.0,5.26656,0,0,1,0,1,2
27,12.0,0,1,100,1,1,0,0
27,13.0,10.539955,0,0,1,0,0,3
27,13.0,12.324268,0,0,1,0,1,3
27,24.0,2.720043,0,0,1,0,0,4
27,24.0,2.071961,0,0,1,0,1,4
28,0.0,0,1,100,1,1,0,0
28,1.0,9.564032,0,0,1,0,0,1
28,1.0,7.523805,0,0,1,0,1,1
28,4.0,6.789729,0,0,1,0,0,2
28,4.0,7.515712,0,0,1,0,1,2
28,12.0,0,1,100,1,1,0,0
28,13.0,12.494967,0,0,1,0,0,3
28,13.0,6.554305,0,0,1,0,1,3
28,24.0,4.875671,0,0,1,0,0,4
28,24.0,3.051872,0,0,1,0,1,4
29,0.0,0,1,100,1,1,0,0
29,1.0,9.225626,0,0,1,0,0,1
29,1.0,10.944604,0,0,1,0,1,1
29,4.0,6.841008,0,0,1,0,0,2
29,4.0,4.37304,0,0,1,0,1,2
29,12.0,0,1,100,1,1,0,0
29,13.0,12.586513,0,0,1,0,0,3
29,13.0,5.454319,0,0,1,0,1,3
29,24.0,3.71862,0,0,1,0,0,4
29,24.0,3.433975,0,0,1,0,1,4
30,0.0,0,1,100,1,1,0,0
30,1.0,9.106524,0,0,1,0,0,1
30,1.0,8.455095,0,0,1,0,1,1
30,4.0,6.219332,0,0,1,0,0,2
30,4.0,6.217273,0,0,1,0,1,2
30,12.0,0,1,100,1,1,0,0
30,13.0,11.334506,0,0,1,0,0,3
30,13.0,7.23381,0,0,1,0,1,3
30,24.0,2.896999,0,0,1,0,0,4
30,24.0,2.165309,0,0,1,0,1,4
