ID,TIME,DV,EVID,AMT,CMT,MDV
1,0.0,0,1,100,1,1
1,1.0,10.524873,0,0,1,0
1,2.0,8.052072,0,0,1,0
1,4.0,6.066563,0,0,1,0
1,8.0,3.698292,0,0,1,0
1,12.0,0,1,100,1,1
1,13.0,10.125841,0,0,1,0
1,16.0,8.442343,0,0,1,0
1,24.0,2.760706,0,0,1,0
2,0.0,0,1,100,1,1
2,1.0,10.894106,0,0,1,0
2,2.0,8.332317,0,0,1,0
2,4.0,7.171559,0,0,1,0
2,8.0,6.145066,0,0,1,0
2,12.0,0,1,100,1,1
2,13.0,15.073287,0,0,1,0
2,16.0,12.88587,0,0,1,0
2,24.0,6.828585,0,0,1,0
3,0.0,0,1,100,1,1
3,1.0,8.456113,0,0,1,0
3,2.0,7.450251,0,0,1,0
3,4.0,5.010903,0,0,1,0
3,8.0,4.059978,0,0,1,0
3,12.0,0,1,100,1,1
3,13.0,9.053203,0,0,1,0
3,16.0,5.606882,0,0,1,0
3,24.0,2.000864,0,0,1,0
4,0.0,0,1,100,1,1
4,1.0,8.745516,0,0,1,0
4,2.0,9.376231,0,0,1,0
4,4.0,7.810758,0,0,1,0
4,8.0,8.264839,0,0,1,0
4,12.0,0,1,100,1,1
4,13.0,12.464776,0,0,1,0
4,16.0,11.544691,0,0,1,0
4,24.0,9.879022,0,0,1,0
5,0.0,0,1,100,1,1
5,1.0,9.074499,0,0,1,0
5,2.0,6.627993,0,0,1,0
5,4.0,6.433403,0,0,1,0
5,8.0,4.132273,0,0,1,0
5,12.0,0,1,100,1,1
5,13.0,9.742827,0,0,1,0
5,16.0,8.607879,0,0,1,0
5,24.0,2.802705,0,0,1,0
6,0.0,0,1,100,1,1
6,1.0,9.67799,0,0,1,0
6,2.0,7.616416,0,0,1,0
6,4.0,6.89807,0,0,1,0
6,8.0,5.234476,0,0,1,0
6,12.0,0,1,100,1,1
6,13.0,9.693101,0,0,1,0
6,16.0,11.02331,0,0,1,0
6,24.0,4.83361,0,0,1,0
7,0.0,0,1,100,1,1
7,1.0,7.061562,0,0,1,0
7,2.0,8.695666,0,0,1,0
7,4.0,6.261667,0,0,1,0
7,8.0,4.748164,0,0,1,0
7,12.0,0,1,100,1,1
7,13.0,9.150062,0,0,1,0
7,16.0,8.106778,0,0,1,0
7,24.0,4.431291,0,0,1,0
8,0.0,0,1,100,1,1
8,1.0,8.741943,0,0,1,0
8,2.0,6.979979,0,0,1,0
8,4.0,6.230719,0,0,1,0
8,8.0,3.108364,0,0,1,0
8,12.0,0,1,100,1,1
8,13.0,13.056019,0,0,1,0
8,16.0,6.804855,0,0,1,0
8,24.0,3.348245,0,0,1,0
9,0.0,0,1,100,1,1
9,1.0,9.201107,0,0,1,0
9,2.0,9.939867,0,0,1,0
9,4.0,7.261333,0,0,1,0
9,8.0,5.683045,0,0,1,0
9,12.0,0,1,100,1,1
9,13.0,14.919414,0,0,1,0
9,16.0,10.494946,0,0,1,0
9,24.0,6.082325,0,0,1,0
10,0.0,0,1,100,1,1
10,1.0,8.564827,0,0,1,0
10,2.0,6.942207,0,0,1,0
10,4.0,5.335016,0,0,1,0
10,8.0,2.395333,0,0,1,0
10,12.0,0,1,100,1,1
10,13.0,9.655913,0,0,1,0
10,16.0,5.305421,0,0,1,0
10,24.0,1.757378,0,0,1,0
11,0.0,0,1,100,1,1
11,1.0,9.130193,0,0,1,0
11,2.0,9.169463,0,0,1,0
11,4.0,4.862512,0,0,1,0
11,8.0,3.876168,0,0,1,0
11,12.0,0,1,100,1,1
11,13.0,10.541795,0,0,1,0
11,16.0,6.19287,0,0,1,0
11,24.0,2.180363,0,0,1,0
12,0.0,0,1,100,1,1
12,1.0,9.406561,0,0,1,0
12,2.0,8.144524,0,0,1,0
12,4.0,6.390717,0,0,1,0
12,8.0,3.942157,0,0,1,0
12,12.0,0,1,100,1,1
12,13.0,12.955908,0,0,1,0
12,16.0,9.727892,0,0,1,0
12,24.0,4.265816,0,0,1,0
13,0.0,0,1,100,1,1
13,1.0,9.905173,0,0,1,0
13,2.0,8.726268,0,0,1,0
13,4.0,7.00365,0,0,1,0
13,8.0,4.099213,0,0,1,0
13,12.0,0,1,100,1,1
13,13.0,11.150244,0,0,1,0
13,16.0,8.272326,0,0,1,0
13,24.0,3.979476,0,0,1,0
14,0.0,0,1,100,1,1
14,1.0,9.207871,0,0,1,0
14,2.0,6.92594,0,0,1,0
14,4.0,5.632575,0,0,1,0
14,8.0,4.024773,0,0,1,0
14,12.0,0,1,100,1,1
14,13.0,10.984275,0,0,1,0
14,16.0,6.471776,0,0,1,0
14,24.0,2.23067,0,0,1,0
15,0.0,0,1,100,1,1
15,1.0,8.706622,0,0,1,0
15,2.0,7.886956,0,0,1,0
15,4.0,6.779209,0,0,1,0
15,8.0,5.896043,0,0,1,0
15,12.0,0,1,100,1,1
15,13.0,13.247353,0,0,1,0
15,16.0,10.578132,0,0,1,0
15,24.0,6.540078,0,0,1,0
16,0.0,0,1,100,1,1
16,1.0,10.477358,0,0,1,0
16,2.0,9.900092,0,0,1,0
16,4.0,8.297004,0,0,1,0
16,8.0,6.597979,0,0,1,0
16,12.0,0,1,100,1,1
16,13.0,15.914128,0,0,1,0
16,16.0,11.007778,0,0,1,0
16,24.0,8.188263,0,0,1,0
17,0.0,0,1,100,1,1
17,1.0,7.238979,0,0,1,0
17,2.0,8.070071,0,0,1,0
17,4.0,4.672998,0,0,1,0
17,8.0,3.505424,0,0,1,0
17,12.0,0,1,100,1,1
17,13.0,10.072175,0,0,1,0
17,16.0,7.847164,0,0,1,0
17,24.0,1.572032,0,0,1,0
18,0.0,0,1,100,1,1
18,1.0,7.151836,0,0,1,0
18,2.0,7.395485,0,0,1,0
18,4.0,6.493453,0,0,1,0
18,8.0,4.649792,0,0,1,0
18,12.0,0,1,100,1,1
18,13.0,13.720989,0,0,1,0
18,16.0,9.344811,0,0,1,0
18,24.0,3.842804,0,0,1,0
19,0.0,0,1,100,1,1
19,1.0,7.723855,0,0,1,0
19,2.0,6.715811,0,0,1,0
19,4.0,5.708738,0,0,1,0
19,8.0,3.427119,0,0,1,0
19,12.0,0,1,100,1,1
19,13.0,12.558157,0,0,1,0
19,16.0,7.462072,0,0,1,0
19,24.0,2.813401,0,0,1,0
20,0.0,0,1,100,1,1
20,1.0,8.10654,0,0,1,0
20,2.0,6.833562,0,0,1,0
20,4.0,6.720378,0,0,1,0
20,8.0,4.339699,0,0,1,0
20,12.0,0,1,100,1,1
20,13.0,11.928448,0,0,1,0
20,16.0,9.289123,0,0,1,0
20,24.0,3.08514,0,0,1,0
21,0.0,0,1,100,1,1
21,1.0,8.919117,0,0,1,0
21,2.0,9.92284,0,0,1,0
21,4.0,7.45916,0,0,1,0
21,8.0,4.651859,0,0,1,0
21,12.0,0,1,100,1,1
21,13.0,15.497536,0,0,1,0
21,16.0,9.855868,0,0,1,0
21,24.0,4.489696,0,0,1,0
22,0.0,0,1,100,1,1
22,1.0,8.184001,0,0,1,0
22,2.0,7.77232,0,0,1,0
22,4.0,6.875967,0,0,1,0
22,8.0,4.553568,0,0,1,0
22,12.0,0,1,100,1,1
22,13.0,12.612014,0,0,1,0
22,16.0,9.314463,0,0,1,0
22,24.0,3.610356,0,0,1,0
23,0.0,0,1,100,1,1
23,1.0,7.094064,0,0,1,0
23,2.0,9.887293,0,0,1,0
23,4.0,9.857182,0,0,1,0
23,8.0,6.426508,0,0,1,0
23,12.0,0,1,100,1,1
23,13.0,19.145599,0,0,1,0
23,16.0,11.613824,0,0,1,0
23,24.0,10.63313,0,0,1,0
24,0.0,0,1,100,1,1
24,1.0,9.237181,0,0,1,0
24,2.0,9.868511,0,0,1,0
24,4.0,7.910001,0,0,1,0
24,8.0,5.306267,0,0,1,0
24,12.0,0,1,100,1,1
24,13.0,11.95437,0,0,1,0
24,16.0,12.817861,0,0,1,0
24,24.0,6.723853,0,0,1,0
25,0.0,0,1,100,1,1
25,1.0,9.219061,0,0,1,0
25,2.0,8.664961,0,0,1,0
25,4.0,5.606842,0,0,1,0
25,8.0,3.978093,0,0,1,0
25,12.0,0,1,100,1,1
25,13.0,11.417982,0,0,1,0
25,16.0,7.820584,0,0,1,0
25,24.0,2.891257,0,0,1,0
26,0.0,0,1,100,1,1
26,1.0,8.316091,0,0,1,0
26,2.0,7.481505,0,0,1,0
26,4.0,6.004008,0,0,1,0
26,8.0,4.686813,0,0,1,0
26,12.0,0,1,100,1,1
26,13.0,10.629548,0,0,1,0
26,16.0,8.567726,0,0,1,0
26,24.0,2.814348,0,0,1,0
27,0.0,0,1,100,1,1
27,1.0,9.186598,0,0,1,0
27,2.0,7.510293,0,0,1,0
27,4.0,6.790336,0,0,1,0
27,8.0,2.550191,0,0,1,0
27,12.0,0,1,100,1,1
27,13.0,9.474685,0,0,1,0
27,16.0,5.877159,0,0,1,0
27,24.0,2.440828,0,0,1,0
28,0.0,0,1,100,1,1
28,1.0,9.482504,0,0,1,0
28,2.0,7.045898,0,0,1,0
28,4.0,6.690606,0,0,1,0
28,8.0,3.968893,0,0,1,0
28,12.0,0,1,100,1,1
28,13.0,8.211657,0,0,1,0
28,16.0,8.328221,0,0,1,0
28,24.0,3.436298,0,0,1,0
29,0.0,0,1,100,1,1
29,1.0,10.487237,0,0,1,0
29,2.0,7.286735,0,0,1,0
29,4.0,7.801625,0,0,1,0
29,8.0,4.008369,0,0,1,0
29,12.0,0,1,100,1,1
29,13.0,10.6295,0,0,1,0
29,16.0,7.087427,0,0,1,0
29,24.0,3.235943,0,0,1,0
30,0.0,0,1,100,1,1
30,1.0,8.905717,0,0,1,0
30,2.0,8.441329,0,0,1,0
30,4.0,6.004426,0,0,1,0
30,8.0,4.29754,0,0,1,0
30,12.0,0,1,100,1,1
30,13.0,14.496315,0,0,1,0
30,16.0,10.468081,0,0,1,0
30,24.0,4.508682,0,0,1,0
