ID,TIME,DV,EVID,AMT,CMT,MDV,II,SS,RATE,LAG1,LAG2
1,0,0,0,0,2,0,0,0,0,0,0
1,5,0,0,0,2,0,0,0,0,0,0
1,9.5,0,0,0,2,0,0,0,0,0,0
1,10,0,1,100,1,1,12,1,0,0,0
1,10,0,0,0,2,0,0,0,0,0,0
1,10.5,0,0,0,2,0,0,0,0,0,0
1,11.5,0,0,0,2,0,0,0,0,0,0
1,12,0,0,0,2,0,0,0,0,0,0
1,13,0,0,0,2,0,0,0,0,0,0
1,15,0,0,0,2,0,0,0,0,0,0
1,19.9,0,0,0,2,0,0,0,0,0,0
1,21,0,0,0,2,0,0,0,0,0,0
1,22.5,0,0,0,2,0,0,0,0,0,0
1,24,0,0,0,2,0,0,0,0,0,0
1,25,0,0,0,2,0,0,0,0,0,0
1,30,0,0,0,2,0,0,0,0,0,0
1,40,0,0,0,2,0,0,0,0,0,0
2,0,0,1,200,1,1,0,0,10,0,0
2,0,0,0,0,2,0,0,0,0,0,0
2,5,0,0,0,2,0,0,0,0,0,0
2,9.5,0,0,0,2,0,0,0,0,0,0
2,10,0,1,100,1,1,12,1,0,0,0
2,10,0,0,0,2,0,0,0,0,0,0
2,10.5,0,0,0,2,0,0,0,0,0,0
2,11.5,0,0,0,2,0,0,0,0,0,0
2,12,0,0,0,2,0,0,0,0,0,0
2,13,0,0,0,2,0,0,0,0,0,0
2,15,0,0,0,2,0,0,0,0,0,0
2,19.9,0,0,0,2,0,0,0,0,0,0
2,21,0,0,0,2,0,0,0,0,0,0
2,22.5,0,0,0,2,0,0,0,0,0,0
2,24,0,0,0,2,0,0,0,0,0,0
2,25,0,0,0,2,0,0,0,0,0,0
2,30,0,0,0,2,0,0,0,0,0,0
2,40,0,0,0,2,0,0,0,0,0,0
3,0,0,1,200,2,1,0,0,10,0,0
3,0,0,0,0,2,0,0,0,0,0,0
3,5,0,0,0,2,0,0,0,0,0,0
3,9.5,0,0,0,2,0,0,0,0,0,0
3,10,0,1,100,1,1,12,1,0,0,0
3,10,0,0,0,2,0,0,0,0,0,0
3,10.5,0,0,0,2,0,0,0,0,0,0
3,11.5,0,0,0,2,0,0,0,0,0,0
3,12,0,0,0,2,0,0,0,0,0,0
3,13,0,0,0,2,0,0,0,0,0,0
3,15,0,0,0,2,0,0,0,0,0,0
3,19.9,0,0,0,2,0,0,0,0,0,0
3,21,0,0,0,2,0,0,0,0,0,0
3,22.5,0,0,0,2,0,0,0,0,0,0
3,24,0,0,0,2,0,0,0,0,0,0
3,25,0,0,0,2,0,0,0,0,0,0
3,30,0,0,0,2,0,0,0,0,0,0
3,40,0,0,0,2,0,0,0,0,0,0
4,0,0,0,0,2,0,0,0,0,0,0
4,5,0,0,0,2,0,0,0,0,0,0
4,9.5,0,0,0,2,0,0,0,0,0,0
4,10,0,1,100,2,1,0,0,10,0,0
4,10,0,1,100,1,1,12,1,0,0,0
4,10,0,0,0,2,0,0,0,0,0,0
4,10.5,0,0,0,2,0,0,0,0,0,0
4,11.5,0,0,0,2,0,0,0,0,0,0
4,12,0,0,0,2,0,0,0,0,0,0
4,13,0,0,0,2,0,0,0,0,0,0
4,15,0,0,0,2,0,0,0,0,0,0
4,19.9,0,0,0,2,0,0,0,0,0,0
4,21,0,0,0,2,0,0,0,0,0,0
4,22.5,0,0,0,2,0,0,0,0,0,0
4,24,0,0,0,2,0,0,0,0,0,0
4,25,0,0,0,2,0,0,0,0,0,0
4,30,0,0,0,2,0,0,0,0,0,0
4,40,0,0,0,2,0,0,0,0,0,0
5,0,0,0,0,2,0,0,0,0,0,0
5,5,0,0,0,2,0,0,0,0,0,0
5,9.5,0,0,0,2,0,0,0,0,0,0
5,10,0,1,100,1,1,12,1,0,0,0
5,10,0,1,100,2,1,0,0,10,0,0
5,10,0,0,0,2,0,0,0,0,0,0
5,10.5,0,0,0,2,0,0,0,0,0,0
5,11.5,0,0,0,2,0,0,0,0,0,0
5,12,0,0,0,2,0,0,0,0,0,0
5,13,0,0,0,2,0,0,0,0,0,0
5,15,0,0,0,2,0,0,0,0,0,0
5,19.9,0,0,0,2,0,0,0,0,0,0
5,21,0,0,0,2,0,0,0,0,0,0
5,22.5,0,0,0,2,0,0,0,0,0,0
5,24,0,0,0,2,0,0,0,0,0,0
5,25,0,0,0,2,0,0,0,0,0,0
5,30,0,0,0,2,0,0,0,0,0,0
5,40,0,0,0,2,0,0,0,0,0,0
6,0,0,0,0,2,0,0,0,0,0,0
6,5,0,0,0,2,0,0,0,0,0,0
6,9.5,0,0,0,2,0,0,0,0,0,0
6,10,0,1,100,1,1,0,0,10,0,0
6,10,0,1,100,1,1,12,1,0,0,0
6,10,0,0,0,2,0,0,0,0,0,0
6,10.5,0,0,0,2,0,0,0,0,0,0
6,11.5,0,0,0,2,0,0,0,0,0,0
6,12,0,0,0,2,0,0,0,0,0,0
6,13,0,0,0,2,0,0,0,0,0,0
6,15,0,0,0,2,0,0,0,0,0,0
6,19.9,0,0,0,2,0,0,0,0,0,0
6,21,0,0,0,2,0,0,0,0,0,0
6,22.5,0,0,0,2,0,0,0,0,0,0
6,24,0,0,0,2,0,0,0,0,0,0
6,25,0,0,0,2,0,0,0,0,0,0
6,30,0,0,0,2,0,0,0,0,0,0
6,40,0,0,0,2,0,0,0,0,0,0
7,0,0,1,80,2,1,0,0,10,0,0
7,0,0,0,0,2,0,0,0,0,0,0
7,5,0,0,0,2,0,0,0,0,0,0
7,9.5,0,0,0,2,0,0,0,0,0,0
7,10,0,1,100,1,1,12,1,0,0,0
7,10,0,0,0,2,0,0,0,0,0,0
7,10.5,0,0,0,2,0,0,0,0,0,0
7,11.5,0,0,0,2,0,0,0,0,0,0
7,12,0,0,0,2,0,0,0,0,0,0
7,13,0,0,0,2,0,0,0,0,0,0
7,15,0,0,0,2,0,0,0,0,0,0
7,19.9,0,0,0,2,0,0,0,0,0,0
7,21,0,0,0,2,0,0,0,0,0,0
7,22.5,0,0,0,2,0,0,0,0,0,0
7,24,0,0,0,2,0,0,0,0,0,0
7,25,0,0,0,2,0,0,0,0,0,0
7,30,0,0,0,2,0,0,0,0,0,0
7,40,0,0,0,2,0,0,0,0,0,0
8,0,0,0,0,2,0,0,0,0,0,0
8,5,0,0,0,2,0,0,0,0,0,0
8,9.5,0,0,0,2,0,0,0,0,0,0
8,10,0,1,100,1,1,12,1,0,0,0
8,10,0,0,0,2,0,0,0,0,0,0
8,10.5,0,0,0,2,0,0,0,0,0,0
8,11.5,0,0,0,2,0,0,0,0,0,0
8,12,0,1,100,2,1,0,0,10,0,0
8,12,0,0,0,2,0,0,0,0,0,0
8,13,0,0,0,2,0,0,0,0,0,0
8,15,0,0,0,2,0,0,0,0,0,0
8,19.9,0,0,0,2,0,0,0,0,0,0
8,21,0,0,0,2,0,0,0,0,0,0
8,22.5,0,0,0,2,0,0,0,0,0,0
8,24,0,0,0,2,0,0,0,0,0,0
8,25,0,0,0,2,0,0,0,0,0,0
8,30,0,0,0,2,0,0,0,0,0,0
8,40,0,0,0,2,0,0,0,0,0,0
9,0,0,0,0,2,0,0,0,0,0,0
9,5,0,0,0,2,0,0,0,0,0,0
9,9.5,0,0,0,2,0,0,0,0,0,0
9,10,0,1,100,1,1,12,1,0,0,0
9,10,0,0,0,2,0,0,0,0,0,0
9,10.5,0,0,0,2,0,0,0,0,0,0
9,11.5,0,0,0,2,0,0,0,0,0,0
9,12,0,0,0,2,0,0,0,0,0,0
9,13,0,0,0,2,0,0,0,0,0,0
9,15,0,1,200,2,1,0,0,10,0,0
9,15,0,0,0,2,0,0,0,0,0,0
9,19.9,0,0,0,2,0,0,0,0,0,0
9,21,0,0,0,2,0,0,0,0,0,0
9,22,0,1,100,1,1,12,1,0,0,0
9,22.5,0,0,0,2,0,0,0,0,0,0
9,24,0,0,0,2,0,0,0,0,0,0
9,25,0,0,0,2,0,0,0,0,0,0
9,30,0,0,0,2,0,0,0,0,0,0
9,40,0,0,0,2,0,0,0,0,0,0
10,0,0,1,200,2,1,0,0,10,0,0
10,0,0,0,0,2,0,0,0,0,0,0
10,5,0,0,0,2,0,0,0,0,0,0
10,9.5,0,0,0,2,0,0,0,0,0,0
10,10,0,1,100,2,1,12,1,20,0,0
10,10,0,0,0,2,0,0,0,0,0,0
10,10.5,0,0,0,2,0,0,0,0,0,0
10,11.5,0,0,0,2,0,0,0,0,0,0
10,12,0,0,0,2,0,0,0,0,0,0
10,13,0,0,0,2,0,0,0,0,0,0
10,15,0,0,0,2,0,0,0,0,0,0
10,19.9,0,0,0,2,0,0,0,0,0,0
10,21,0,0,0,2,0,0,0,0,0,0
10,22.5,0,0,0,2,0,0,0,0,0,0
10,24,0,0,0,2,0,0,0,0,0,0
10,25,0,0,0,2,0,0,0,0,0,0
10,30,0,0,0,2,0,0,0,0,0,0
10,40,0,0,0,2,0,0,0,0,0,0
12,0,0,0,0,2,0,0,0,0,0,4
12,5,0,0,0,2,0,0,0,0,0,4
12,8,0,1,100,2,1,0,0,10,0,4
12,9.5,0,0,0,2,0,0,0,0,0,4
12,10,0,1,100,1,1,12,1,0,0,4
12,10,0,0,0,2,0,0,0,0,0,4
12,10.5,0,0,0,2,0,0,0,0,0,4
12,11.5,0,0,0,2,0,0,0,0,0,4
12,12,0,0,0,2,0,0,0,0,0,4
12,13,0,0,0,2,0,0,0,0,0,4
12,15,0,0,0,2,0,0,0,0,0,4
12,19.9,0,0,0,2,0,0,0,0,0,4
12,21,0,0,0,2,0,0,0,0,0,4
12,22.5,0,0,0,2,0,0,0,0,0,4
12,24,0,0,0,2,0,0,0,0,0,4
12,25,0,0,0,2,0,0,0,0,0,4
12,30,0,0,0,2,0,0,0,0,0,4
12,40,0,0,0,2,0,0,0,0,0,4
13,0,0,0,0,2,0,0,0,0,0,4
13,4,0,1,100,2,1,0,0,10,0,4
13,5,0,0,0,2,0,0,0,0,0,4
13,9.5,0,0,0,2,0,0,0,0,0,4
13,10,0,1,100,1,1,12,1,0,0,4
13,10,0,0,0,2,0,0,0,0,0,4
13,10.5,0,0,0,2,0,0,0,0,0,4
13,11.5,0,0,0,2,0,0,0,0,0,4
13,12,0,0,0,2,0,0,0,0,0,4
13,13,0,0,0,2,0,0,0,0,0,4
13,15,0,0,0,2,0,0,0,0,0,4
13,19.9,0,0,0,2,0,0,0,0,0,4
13,21,0,0,0,2,0,0,0,0,0,4
13,22.5,0,0,0,2,0,0,0,0,0,4
13,24,0,0,0,2,0,0,0,0,0,4
13,25,0,0,0,2,0,0,0,0,0,4
13,30,0,0,0,2,0,0,0,0,0,4
13,40,0,0,0,2,0,0,0,0,0,4
14,0,0,0,0,2,0,0,0,0,0,4
14,5,0,0,0,2,0,0,0,0,0,4
14,9.5,0,0,0,2,0,0,0,0,0,4
14,10,0,1,100,2,1,12,1,10,0,4
14,10,0,0,0,2,0,0,0,0,0,4
14,10.5,0,0,0,2,0,0,0,0,0,4
14,11,0,1,100,1,1,12,1,0,0,4
14,11.5,0,0,0,2,0,0,0,0,0,4
14,12,0,0,0,2,0,0,0,0,0,4
14,13,0,0,0,2,0,0,0,0,0,4
14,15,0,0,0,2,0,0,0,0,0,4
14,19.9,0,0,0,2,0,0,0,0,0,4
14,21,0,0,0,2,0,0,0,0,0,4
14,22.5,0,0,0,2,0,0,0,0,0,4
14,24,0,0,0,2,0,0,0,0,0,4
14,25,0,0,0,2,0,0,0,0,0,4
14,30,0,0,0,2,0,0,0,0,0,4
14,40,0,0,0,2,0,0,0,0,0,4
15,0,0,0,0,2,0,0,0,0,0,4
15,5,0,0,0,2,0,0,0,0,0,4
15,9.5,0,0,0,2,0,0,0,0,0,4
15,10,0,1,100,2,1,12,1,10,0,4
15,10,0,0,0,2,0,0,0,0,0,4
15,10.5,0,0,0,2,0,0,0,0,0,4
15,11.5,0,0,0,2,0,0,0,0,0,4
15,12,0,0,0,2,0,0,0,0,0,4
15,13,0,0,0,2,0,0,0,0,0,4
15,15,0,0,0,2,0,0,0,0,0,4
15,19.9,0,0,0,2,0,0,0,0,0,4
15,21,0,0,0,2,0,0,0,0,0,4
15,22.5,0,0,0,2,0,0,0,0,0,4
15,24,0,0,0,2,0,0,0,0,0,4
15,25,0,0,0,2,0,0,0,0,0,4
15,30,0,0,0,2,0,0,0,0,0,4
15,40,0,0,0,2,0,0,0,0,0,4
20,0,0,0,0,2,0,0,0,0,0,0
20,5,0,1,100,1,1,0,0,-2,0,0
20,5,0,0,0,2,0,0,0,0,0,0
20,9.5,0,0,0,2,0,0,0,0,0,0
20,10,0,1,50,2,1,12,1,0,0,0
20,10,0,0,0,2,0,0,0,0,0,0
20,10.5,0,0,0,2,0,0,0,0,0,0
20,11.5,0,0,0,2,0,0,0,0,0,0
20,12,0,0,0,2,0,0,0,0,0,0
20,13,0,0,0,2,0,0,0,0,0,0
20,15,0,0,0,2,0,0,0,0,0,0
20,19.9,0,0,0,2,0,0,0,0,0,0
20,21,0,0,0,2,0,0,0,0,0,0
20,22.5,0,0,0,2,0,0,0,0,0,0
20,24,0,0,0,2,0,0,0,0,0,0
20,25,0,0,0,2,0,0,0,0,0,0
20,30,0,0,0,2,0,0,0,0,0,0
20,40,0,0,0,2,0,0,0,0,0,0
21,0,0,1,100,1,1,0,0,-2,0,0
21,0,0,0,0,2,0,0,0,0,0,0
21,5,0,0,0,2,0,0,0,0,0,0
21,9.5,0,0,0,2,0,0,0,0,0,0
21,10,0,1,50,2,1,12,1,0,0,0
21,10,0,0,0,2,0,0,0,0,0,0
21,10.5,0,0,0,2,0,0,0,0,0,0
21,11.5,0,0,0,2,0,0,0,0,0,0
21,12,0,0,0,2,0,0,0,0,0,0
21,13,0,0,0,2,0,0,0,0,0,0
21,15,0,0,0,2,0,0,0,0,0,0
21,19.9,0,0,0,2,0,0,0,0,0,0
21,21,0,0,0,2,0,0,0,0,0,0
21,22.5,0,0,0,2,0,0,0,0,0,0
21,24,0,0,0,2,0,0,0,0,0,0
21,25,0,0,0,2,0,0,0,0,0,0
21,30,0,0,0,2,0,0,0,0,0,0
21,40,0,0,0,2,0,0,0,0,0,0
22,0,0,0,0,2,0,0,0,0,0,0
22,5,0,0,0,2,0,0,0,0,0,0
22,9.5,0,0,0,2,0,0,0,0,0,0
22,10,0,1,100,1,1,0,0,-2,0,0
22,10,0,1,50,2,1,12,1,0,0,0
22,10,0,0,0,2,0,0,0,0,0,0
22,10.5,0,0,0,2,0,0,0,0,0,0
22,11.5,0,0,0,2,0,0,0,0,0,0
22,12,0,0,0,2,0,0,0,0,0,0
22,13,0,0,0,2,0,0,0,0,0,0
22,15,0,0,0,2,0,0,0,0,0,0
22,19.9,0,0,0,2,0,0,0,0,0,0
22,21,0,0,0,2,0,0,0,0,0,0
22,22.5,0,0,0,2,0,0,0,0,0,0
22,24,0,0,0,2,0,0,0,0,0,0
22,25,0,0,0,2,0,0,0,0,0,0
22,30,0,0,0,2,0,0,0,0,0,0
22,40,0,0,0,2,0,0,0,0,0,0
23,0,0,0,0,2,0,0,0,0,0,0
23,5,0,0,0,2,0,0,0,0,0,0
23,9.5,0,0,0,2,0,0,0,0,0,0
23,10,0,1,50,2,1,12,1,0,0,0
23,10,0,1,100,1,1,0,0,-2,0,0
23,10,0,0,0,2,0,0,0,0,0,0
23,10.5,0,0,0,2,0,0,0,0,0,0
23,11.5,0,0,0,2,0,0,0,0,0,0
23,12,0,0,0,2,0,0,0,0,0,0
23,13,0,0,0,2,0,0,0,0,0,0
23,15,0,0,0,2,0,0,0,0,0,0
23,19.9,0,0,0,2,0,0,0,0,0,0
23,21,0,0,0,2,0,0,0,0,0,0
23,22.5,0,0,0,2,0,0,0,0,0,0
23,24,0,0,0,2,0,0,0,0,0,0
23,25,0,0,0,2,0,0,0,0,0,0
23,30,0,0,0,2,0,0,0,0,0,0
23,40,0,0,0,2,0,0,0,0,0,0
101,0,0,3,0,1,1,0,0,0,0,0
101,0,0,0,0,2,0,0,0,0,0,0
101,5,0,0,0,2,0,0,0,0,0,0
101,9.5,0,0,0,2,0,0,0,0,0,0
101,10,0,1,100,1,1,12,1,0,0,0
101,10,0,0,0,2,0,0,0,0,0,0
101,10.5,0,0,0,2,0,0,0,0,0,0
101,11.5,0,0,0,2,0,0,0,0,0,0
101,12,0,0,0,2,0,0,0,0,0,0
101,13,0,0,0,2,0,0,0,0,0,0
101,15,0,0,0,2,0,0,0,0,0,0
101,19.9,0,0,0,2,0,0,0,0,0,0
101,21,0,0,0,2,0,0,0,0,0,0
101,22.5,0,0,0,2,0,0,0,0,0,0
101,24,0,0,0,2,0,0,0,0,0,0
101,25,0,0,0,2,0,0,0,0,0,0
101,30,0,0,0,2,0,0,0,0,0,0
101,40,0,0,0,2,0,0,0,0,0,0
102,0,0,3,0,1,1,0,0,0,0,0
102,0,0,1,200,1,1,0,0,10,0,0
102,0,0,0,0,2,0,0,0,0,0,0
102,5,0,0,0,2,0,0,0,0,0,0
102,9.5,0,0,0,2,0,0,0,0,0,0
102,10,0,1,100,1,1,12,1,0,0,0
102,10,0,0,0,2,0,0,0,0,0,0
102,10.5,0,0,0,2,0,0,0,0,0,0
102,11.5,0,0,0,2,0,0,0,0,0,0
102,12,0,0,0,2,0,0,0,0,0,0
102,13,0,0,0,2,0,0,0,0,0,0
102,15,0,0,0,2,0,0,0,0,0,0
102,19.9,0,0,0,2,0,0,0,0,0,0
102,21,0,0,0,2,0,0,0,0,0,0
102,22.5,0,0,0,2,0,0,0,0,0,0
102,24,0,0,0,2,0,0,0,0,0,0
102,25,0,0,0,2,0,0,0,0,0,0
102,30,0,0,0,2,0,0,0,0,0,0
102,40,0,0,0,2,0,0,0,0,0,0
103,0,0,3,0,1,1,0,0,0,0,0
103,0,0,1,200,2,1,0,0,10,0,0
103,0,0,0,0,2,0,0,0,0,0,0
103,5,0,0,0,2,0,0,0,0,0,0
103,9.5,0,0,0,2,0,0,0,0,0,0
103,10,0,1,100,1,1,12,1,0,0,0
103,10,0,0,0,2,0,0,0,0,0,0
103,10.5,0,0,0,2,0,0,0,0,0,0
103,11.5,0,0,0,2,0,0,0,0,0,0
103,12,0,0,0,2,0,0,0,0,0,0
103,13,0,0,0,2,0,0,0,0,0,0
103,15,0,0,0,2,0,0,0,0,0,0
103,19.9,0,0,0,2,0,0,0,0,0,0
103,21,0,0,0,2,0,0,0,0,0,0
103,22.5,0,0,0,2,0,0,0,0,0,0
103,24,0,0,0,2,0,0,0,0,0,0
103,25,0,0,0,2,0,0,0,0,0,0
103,30,0,0,0,2,0,0,0,0,0,0
103,40,0,0,0,2,0,0,0,0,0,0
104,0,0,3,0,1,1,0,0,0,0,0
104,0,0,0,0,2,0,0,0,0,0,0
104,5,0,0,0,2,0,0,0,0,0,0
104,9.5,0,0,0,2,0,0,0,0,0,0
104,10,0,1,100,2,1,0,0,10,0,0
104,10,0,1,100,1,1,12,1,0,0,0
104,10,0,0,0,2,0,0,0,0,0,0
104,10.5,0,0,0,2,0,0,0,0,0,0
104,11.5,0,0,0,2,0,0,0,0,0,0
104,12,0,0,0,2,0,0,0,0,0,0
104,13,0,0,0,2,0,0,0,0,0,0
104,15,0,0,0,2,0,0,0,0,0,0
104,19.9,0,0,0,2,0,0,0,0,0,0
104,21,0,0,0,2,0,0,0,0,0,0
104,22.5,0,0,0,2,0,0,0,0,0,0
104,24,0,0,0,2,0,0,0,0,0,0
104,25,0,0,0,2,0,0,0,0,0,0
104,30,0,0,0,2,0,0,0,0,0,0
104,40,0,0,0,2,0,0,0,0,0,0
105,0,0,3,0,1,1,0,0,0,0,0
105,0,0,0,0,2,0,0,0,0,0,0
105,5,0,0,0,2,0,0,0,0,0,0
105,9.5,0,0,0,2,0,0,0,0,0,0
105,10,0,1,100,1,1,12,1,0,0,0
105,10,0,1,100,2,1,0,0,10,0,0
105,10,0,0,0,2,0,0,0,0,0,0
105,10.5,0,0,0,2,0,0,0,0,0,0
105,11.5,0,0,0,2,0,0,0,0,0,0
105,12,0,0,0,2,0,0,0,0,0,0
105,13,0,0,0,2,0,0,0,0,0,0
105,15,0,0,0,2,0,0,0,0,0,0
105,19.9,0,0,0,2,0,0,0,0,0,0
105,21,0,0,0,2,0,0,0,0,0,0
105,22.5,0,0,0,2,0,0,0,0,0,0
105,24,0,0,0,2,0,0,0,0,0,0
105,25,0,0,0,2,0,0,0,0,0,0
105,30,0,0,0,2,0,0,0,0,0,0
105,40,0,0,0,2,0,0,0,0,0,0
106,0,0,3,0,1,1,0,0,0,0,0
106,0,0,0,0,2,0,0,0,0,0,0
106,5,0,0,0,2,0,0,0,0,0,0
106,9.5,0,0,0,2,0,0,0,0,0,0
106,10,0,1,100,1,1,0,0,10,0,0
106,10,0,1,100,1,1,12,1,0,0,0
106,10,0,0,0,2,0,0,0,0,0,0
106,10.5,0,0,0,2,0,0,0,0,0,0
106,11.5,0,0,0,2,0,0,0,0,0,0
106,12,0,0,0,2,0,0,0,0,0,0
106,13,0,0,0,2,0,0,0,0,0,0
106,15,0,0,0,2,0,0,0,0,0,0
106,19.9,0,0,0,2,0,0,0,0,0,0
106,21,0,0,0,2,0,0,0,0,0,0
106,22.5,0,0,0,2,0,0,0,0,0,0
106,24,0,0,0,2,0,0,0,0,0,0
106,25,0,0,0,2,0,0,0,0,0,0
106,30,0,0,0,2,0,0,0,0,0,0
106,40,0,0,0,2,0,0,0,0,0,0
107,0,0,3,0,1,1,0,0,0,0,0
107,0,0,1,80,2,1,0,0,10,0,0
107,0,0,0,0,2,0,0,0,0,0,0
107,5,0,0,0,2,0,0,0,0,0,0
107,9.5,0,0,0,2,0,0,0,0,0,0
107,10,0,1,100,1,1,12,1,0,0,0
107,10,0,0,0,2,0,0,0,0,0,0
107,10.5,0,0,0,2,0,0,0,0,0,0
107,11.5,0,0,0,2,0,0,0,0,0,0
107,12,0,0,0,2,0,0,0,0,0,0
107,13,0,0,0,2,0,0,0,0,0,0
107,15,0,0,0,2,0,0,0,0,0,0
107,19.9,0,0,0,2,0,0,0,0,0,0
107,21,0,0,0,2,0,0,0,0,0,0
107,22.5,0,0,0,2,0,0,0,0,0,0
107,24,0,0,0,2,0,0,0,0,0,0
107,25,0,0,0,2,0,0,0,0,0,0
107,30,0,0,0,2,0,0,0,0,0,0
107,40,0,0,0,2,0,0,0,0,0,0
108,0,0,3,0,1,1,0,0,0,0,0
108,0,0,0,0,2,0,0,0,0,0,0
108,5,0,0,0,2,0,0,0,0,0,0
108,9.5,0,0,0,2,0,0,0,0,0,0
108,10,0,1,100,1,1,12,1,0,0,0
108,10,0,0,0,2,0,0,0,0,0,0
108,10.5,0,0,0,2,0,0,0,0,0,0
108,11.5,0,0,0,2,0,0,0,0,0,0
108,12,0,1,100,2,1,0,0,10,0,0
108,12,0,0,0,2,0,0,0,0,0,0
108,13,0,0,0,2,0,0,0,0,0,0
108,15,0,0,0,2,0,0,0,0,0,0
108,19.9,0,0,0,2,0,0,0,0,0,0
108,21,0,0,0,2,0,0,0,0,0,0
108,22.5,0,0,0,2,0,0,0,0,0,0
108,24,0,0,0,2,0,0,0,0,0,0
108,25,0,0,0,2,0,0,0,0,0,0
108,30,0,0,0,2,0,0,0,0,0,0
108,40,0,0,0,2,0,0,0,0,0,0
109,0,0,3,0,1,1,0,0,0,0,0
109,0,0,0,0,2,0,0,0,0,0,0
109,5,0,0,0,2,0,0,0,0,0,0
109,9.5,0,0,0,2,0,0,0,0,0,0
109,10,0,1,100,1,1,12,1,0,0,0
109,10,0,0,0,2,0,0,0,0,0,0
109,10.5,0,0,0,2,0,0,0,0,0,0
109,11.5,0,0,0,2,0,0,0,0,0,0
109,12,0,0,0,2,0,0,0,0,0,0
109,13,0,0,0,2,0,0,0,0,0,0
109,15,0,1,200,2,1,0,0,10,0,0
109,15,0,0,0,2,0,0,0,0,0,0
109,19.9,0,0,0,2,0,0,0,0,0,0
109,21,0,0,0,2,0,0,0,0,0,0
109,22,0,1,100,1,1,12,1,0,0,0
109,22.5,0,0,0,2,0,0,0,0,0,0
109,24,0,0,0,2,0,0,0,0,0,0
109,25,0,0,0,2,0,0,0,0,0,0
109,30,0,0,0,2,0,0,0,0,0,0
109,40,0,0,0,2,0,0,0,0,0,0
110,0,0,3,0,1,1,0,0,0,0,0
110,0,0,1,200,2,1,0,0,10,0,0
110,0,0,0,0,2,0,0,0,0,0,0
110,5,0,0,0,2,0,0,0,0,0,0
110,9.5,0,0,0,2,0,0,0,0,0,0
110,10,0,1,100,2,1,12,1,20,0,0
110,10,0,0,0,2,0,0,0,0,0,0
110,10.5,0,0,0,2,0,0,0,0,0,0
110,11.5,0,0,0,2,0,0,0,0,0,0
110,12,0,0,0,2,0,0,0,0,0,0
110,13,0,0,0,2,0,0,0,0,0,0
110,15,0,0,0,2,0,0,0,0,0,0
110,19.9,0,0,0,2,0,0,0,0,0,0
110,21,0,0,0,2,0,0,0,0,0,0
110,22.5,0,0,0,2,0,0,0,0,0,0
110,24,0,0,0,2,0,0,0,0,0,0
110,25,0,0,0,2,0,0,0,0,0,0
110,30,0,0,0,2,0,0,0,0,0,0
110,40,0,0,0,2,0,0,0,0,0,0
112,0,0,3,0,1,1,0,0,0,0,4
112,0,0,0,0,2,0,0,0,0,0,4
112,5,0,0,0,2,0,0,0,0,0,4
112,8,0,1,100,2,1,0,0,10,0,4
112,9.5,0,0,0,2,0,0,0,0,0,4
112,10,0,1,100,1,1,12,1,0,0,4
112,10,0,0,0,2,0,0,0,0,0,4
112,10.5,0,0,0,2,0,0,0,0,0,4
112,11.5,0,0,0,2,0,0,0,0,0,4
112,12,0,0,0,2,0,0,0,0,0,4
112,13,0,0,0,2,0,0,0,0,0,4
112,15,0,0,0,2,0,0,0,0,0,4
112,19.9,0,0,0,2,0,0,0,0,0,4
112,21,0,0,0,2,0,0,0,0,0,4
112,22.5,0,0,0,2,0,0,0,0,0,4
112,24,0,0,0,2,0,0,0,0,0,4
112,25,0,0,0,2,0,0,0,0,0,4
112,30,0,0,0,2,0,0,0,0,0,4
112,40,0,0,0,2,0,0,0,0,0,4
113,0,0,3,0,1,1,0,0,0,0,4
113,0,0,0,0,2,0,0,0,0,0,4
113,4,0,1,100,2,1,0,0,10,0,4
113,5,0,0,0,2,0,0,0,0,0,4
113,9.5,0,0,0,2,0,0,0,0,0,4
113,10,0,1,100,1,1,12,1,0,0,4
113,10,0,0,0,2,0,0,0,0,0,4
113,10.5,0,0,0,2,0,0,0,0,0,4
113,11.5,0,0,0,2,0,0,0,0,0,4
113,12,0,0,0,2,0,0,0,0,0,4
113,13,0,0,0,2,0,0,0,0,0,4
113,15,0,0,0,2,0,0,0,0,0,4
113,19.9,0,0,0,2,0,0,0,0,0,4
113,21,0,0,0,2,0,0,0,0,0,4
113,22.5,0,0,0,2,0,0,0,0,0,4
113,24,0,0,0,2,0,0,0,0,0,4
113,25,0,0,0,2,0,0,0,0,0,4
113,30,0,0,0,2,0,0,0,0,0,4
113,40,0,0,0,2,0,0,0,0,0,4
114,0,0,3,0,1,1,0,0,0,0,4
114,0,0,0,0,2,0,0,0,0,0,4
114,5,0,0,0,2,0,0,0,0,0,4
114,9.5,0,0,0,2,0,0,0,0,0,4
114,10,0,1,100,2,1,12,1,10,0,4
114,10,0,0,0,2,0,0,0,0,0,4
114,10.5,0,0,0,2,0,0,0,0,0,4
114,11,0,1,100,1,1,12,1,0,0,4
114,11.5,0,0,0,2,0,0,0,0,0,4
114,12,0,0,0,2,0,0,0,0,0,4
114,13,0,0,0,2,0,0,0,0,0,4
114,15,0,0,0,2,0,0,0,0,0,4
114,19.9,0,0,0,2,0,0,0,0,0,4
114,21,0,0,0,2,0,0,0,0,0,4
114,22.5,0,0,0,2,0,0,0,0,0,4
114,24,0,0,0,2,0,0,0,0,0,4
114,25,0,0,0,2,0,0,0,0,0,4
114,30,0,0,0,2,0,0,0,0,0,4
114,40,0,0,0,2,0,0,0,0,0,4
115,0,0,3,0,1,1,0,0,0,0,4
115,0,0,0,0,2,0,0,0,0,0,4
115,5,0,0,0,2,0,0,0,0,0,4
115,9.5,0,0,0,2,0,0,0,0,0,4
115,10,0,1,100,2,1,12,1,10,0,4
115,10,0,0,0,2,0,0,0,0,0,4
115,10.5,0,0,0,2,0,0,0,0,0,4
115,11.5,0,0,0,2,0,0,0,0,0,4
115,12,0,0,0,2,0,0,0,0,0,4
115,13,0,0,0,2,0,0,0,0,0,4
115,15,0,0,0,2,0,0,0,0,0,4
115,19.9,0,0,0,2,0,0,0,0,0,4
115,21,0,0,0,2,0,0,0,0,0,4
115,22.5,0,0,0,2,0,0,0,0,0,4
115,24,0,0,0,2,0,0,0,0,0,4
115,25,0,0,0,2,0,0,0,0,0,4
115,30,0,0,0,2,0,0,0,0,0,4
115,40,0,0,0,2,0,0,0,0,0,4
120,0,0,3,0,1,1,0,0,0,0,0
120,0,0,0,0,2,0,0,0,0,0,0
120,5,0,1,100,1,1,0,0,-2,0,0
120,5,0,0,0,2,0,0,0,0,0,0
120,9.5,0,0,0,2,0,0,0,0,0,0
120,10,0,1,50,2,1,12,1,0,0,0
120,10,0,0,0,2,0,0,0,0,0,0
120,10.5,0,0,0,2,0,0,0,0,0,0
120,11.5,0,0,0,2,0,0,0,0,0,0
120,12,0,0,0,2,0,0,0,0,0,0
120,13,0,0,0,2,0,0,0,0,0,0
120,15,0,0,0,2,0,0,0,0,0,0
120,19.9,0,0,0,2,0,0,0,0,0,0
120,21,0,0,0,2,0,0,0,0,0,0
120,22.5,0,0,0,2,0,0,0,0,0,0
120,24,0,0,0,2,0,0,0,0,0,0
120,25,0,0,0,2,0,0,0,0,0,0
120,30,0,0,0,2,0,0,0,0,0,0
120,40,0,0,0,2,0,0,0,0,0,0
121,0,0,3,0,1,1,0,0,0,0,0
121,0,0,1,100,1,1,0,0,-2,0,0
121,0,0,0,0,2,0,0,0,0,0,0
121,5,0,0,0,2,0,0,0,0,0,0
121,9.5,0,0,0,2,0,0,0,0,0,0
121,10,0,1,50,2,1,12,1,0,0,0
121,10,0,0,0,2,0,0,0,0,0,0
121,10.5,0,0,0,2,0,0,0,0,0,0
121,11.5,0,0,0,2,0,0,0,0,0,0
121,12,0,0,0,2,0,0,0,0,0,0
121,13,0,0,0,2,0,0,0,0,0,0
121,15,0,0,0,2,0,0,0,0,0,0
121,19.9,0,0,0,2,0,0,0,0,0,0
121,21,0,0,0,2,0,0,0,0,0,0
121,22.5,0,0,0,2,0,0,0,0,0,0
121,24,0,0,0,2,0,0,0,0,0,0
121,25,0,0,0,2,0,0,0,0,0,0
121,30,0,0,0,2,0,0,0,0,0,0
121,40,0,0,0,2,0,0,0,0,0,0
122,0,0,3,0,1,1,0,0,0,0,0
122,0,0,0,0,2,0,0,0,0,0,0
122,5,0,0,0,2,0,0,0,0,0,0
122,9.5,0,0,0,2,0,0,0,0,0,0
122,10,0,1,100,1,1,0,0,-2,0,0
122,10,0,1,50,2,1,12,1,0,0,0
122,10,0,0,0,2,0,0,0,0,0,0
122,10.5,0,0,0,2,0,0,0,0,0,0
122,11.5,0,0,0,2,0,0,0,0,0,0
122,12,0,0,0,2,0,0,0,0,0,0
122,13,0,0,0,2,0,0,0,0,0,0
122,15,0,0,0,2,0,0,0,0,0,0
122,19.9,0,0,0,2,0,0,0,0,0,0
122,21,0,0,0,2,0,0,0,0,0,0
122,22.5,0,0,0,2,0,0,0,0,0,0
122,24,0,0,0,2,0,0,0,0,0,0
122,25,0,0,0,2,0,0,0,0,0,0
122,30,0,0,0,2,0,0,0,0,0,0
122,40,0,0,0,2,0,0,0,0,0,0
123,0,0,3,0,1,1,0,0,0,0,0
123,0,0,0,0,2,0,0,0,0,0,0
123,5,0,0,0,2,0,0,0,0,0,0
123,9.5,0,0,0,2,0,0,0,0,0,0
123,10,0,1,50,2,1,12,1,0,0,0
123,10,0,1,100,1,1,0,0,-2,0,0
123,10,0,0,0,2,0,0,0,0,0,0
123,10.5,0,0,0,2,0,0,0,0,0,0
123,11.5,0,0,0,2,0,0,0,0,0,0
123,12,0,0,0,2,0,0,0,0,0,0
123,13,0,0,0,2,0,0,0,0,0,0
123,15,0,0,0,2,0,0,0,0,0,0
123,19.9,0,0,0,2,0,0,0,0,0,0
123,21,0,0,0,2,0,0,0,0,0,0
123,22.5,0,0,0,2,0,0,0,0,0,0
123,24,0,0,0,2,0,0,0,0,0,0
123,25,0,0,0,2,0,0,0,0,0,0
123,30,0,0,0,2,0,0,0,0,0,0
123,40,0,0,0,2,0,0,0,0,0,0
