ID,TIME,DV,EVID,AMT,CMT,MDV,II,SS,RATE
1,10,0,1,100,2,1,0,0,0
1,10,0,1,100,1,1,12,1,0
1,10.5,0,0,0,2,0,0,0,0
1,11.5,0,0,0,2,0,0,0,0
1,12.5,0,0,0,2,0,0,0,0
1,15,0,0,0,2,0,0,0,0
1,21,0,0,0,2,0,0,0,0
1,30,0,0,0,2,0,0,0,0
2,10,0,1,100,1,1,12,1,0
2,10,0,1,100,2,1,0,0,0
2,10.5,0,0,0,2,0,0,0,0
2,11.5,0,0,0,2,0,0,0,0
2,12.5,0,0,0,2,0,0,0,0
2,15,0,0,0,2,0,0,0,0
2,21,0,0,0,2,0,0,0,0
2,30,0,0,0,2,0,0,0,0
3,10,0,1,100,1,1,0,0,0
3,10,0,1,100,1,1,12,1,0
3,10.5,0,0,0,2,0,0,0,0
3,11.5,0,0,0,2,0,0,0,0
3,12.5,0,0,0,2,0,0,0,0
3,15,0,0,0,2,0,0,0,0
3,21,0,0,0,2,0,0,0,0
3,30,0,0,0,2,0,0,0,0
4,10,0,1,100,1,1,12,1,0
4,10,0,1,100,1,1,0,0,0
4,10.5,0,0,0,2,0,0,0,0
4,11.5,0,0,0,2,0,0,0,0
4,12.5,0,0,0,2,0,0,0,0
4,15,0,0,0,2,0,0,0,0
4,21,0,0,0,2,0,0,0,0
4,30,0,0,0,2,0,0,0,0
5,10,0,1,100,1,1,12,1,0
5,10.5,0,0,0,2,0,0,0,0
5,11,0,1,100,2,1,0,0,0
5,11.5,0,0,0,2,0,0,0,0
5,12.5,0,0,0,2,0,0,0,0
5,15,0,0,0,2,0,0,0,0
5,21,0,0,0,2,0,0,0,0
5,30,0,0,0,2,0,0,0,0
6,10,0,1,100,1,1,12,1,0
6,10.5,0,0,0,2,0,0,0,0
6,11.5,0,0,0,2,0,0,0,0
6,12.5,0,0,0,2,0,0,0,0
6,15,0,0,0,2,0,0,0,0
6,21,0,0,0,2,0,0,0,0
6,30,0,0,0,2,0,0,0,0
7,0,0,1,100,1,1,0,0,0
7,10,0,1,100,2,1,0,0,0
7,10,0,1,100,1,1,12,1,0
7,10.5,0,0,0,2,0,0,0,0
7,11.5,0,0,0,2,0,0,0,0
7,12.5,0,0,0,2,0,0,0,0
7,15,0,0,0,2,0,0,0,0
7,21,0,0,0,2,0,0,0,0
7,30,0,0,0,2,0,0,0,0
8,0,0,1,100,1,1,0,0,0
8,10,0,1,100,1,1,12,1,0
8,10,0,1,100,2,1,0,0,0
8,10.5,0,0,0,2,0,0,0,0
8,11.5,0,0,0,2,0,0,0,0
8,12.5,0,0,0,2,0,0,0,0
8,15,0,0,0,2,0,0,0,0
8,21,0,0,0,2,0,0,0,0
8,30,0,0,0,2,0,0,0,0
9,10,0,1,100,1,1,12,1,0
9,10.5,0,0,0,2,0,0,0,0
9,11,0,1,200,1,1,12,1,0
9,11.5,0,0,0,2,0,0,0,0
9,12.5,0,0,0,2,0,0,0,0
9,15,0,0,0,2,0,0,0,0
9,21,0,0,0,2,0,0,0,0
9,30,0,0,0,2,0,0,0,0
10,9,0,1,100,1,1,0,0,0
10,10,0,1,100,1,1,12,1,0
10,10.5,0,0,0,2,0,0,0,0
10,11.5,0,0,0,2,0,0,0,0
10,12.5,0,0,0,2,0,0,0,0
10,15,0,0,0,2,0,0,0,0
10,21,0,0,0,2,0,0,0,0
10,30,0,0,0,2,0,0,0,0
11,10,0,1,100,1,1,12,1,0
11,10,0,1,200,1,1,12,1,0
11,10.5,0,0,0,2,0,0,0,0
11,11.5,0,0,0,2,0,0,0,0
11,12.5,0,0,0,2,0,0,0,0
11,15,0,0,0,2,0,0,0,0
11,21,0,0,0,2,0,0,0,0
11,30,0,0,0,2,0,0,0,0
12,8,0,1,100,1,1,0,0,0
12,10,0,1,100,1,1,12,1,0
12,10.5,0,0,0,2,0,0,0,0
12,11.5,0,0,0,2,0,0,0,0
12,12.5,0,0,0,2,0,0,0,0
12,15,0,0,0,2,0,0,0,0
12,21,0,0,0,2,0,0,0,0
12,30,0,0,0,2,0,0,0,0
13,10,0,1,100,2,1,12,1,0
13,10,0,1,200,1,1,12,1,0
13,10.5,0,0,0,2,0,0,0,0
13,11.5,0,0,0,2,0,0,0,0
13,12.5,0,0,0,2,0,0,0,0
13,15,0,0,0,2,0,0,0,0
13,21,0,0,0,2,0,0,0,0
13,30,0,0,0,2,0,0,0,0
