ID,TIME,AMT,CMT,EVID,MDV,DV,V1I,K10I,K12I,K21I
1,0,1,3,1,1,0.000000,7.506728,0.101974,0.170748,0.106928
1,0,1,4,1,1,0.000000,7.506728,0.101974,0.170748,0.106928
1,0,1,5,1,1,0.000000,7.506728,0.101974,0.170748,0.106928
1,0,1,6,1,1,0.000000,7.506728,0.101974,0.170748,0.106928
1,0,1,7,1,1,0.000000,7.506728,0.101974,0.170748,0.106928
1,0,150,1,1,1,0.000000,7.506728,0.101974,0.170748,0.106928
1,24,0,7,0,0,4.143701,7.506728,0.101974,0.170748,0.106928
1,96,0,7,0,0,3.273573,7.506728,0.101974,0.170748,0.106928
1,168,0,7,0,0,3.942789,7.506728,0.101974,0.170748,0.106928
1,264,0,7,0,0,6.468923,7.506728,0.101974,0.170748,0.106928
1,336,150,1,1,1,0.000000,7.506728,0.101974,0.170748,0.106928
1,360,0,7,0,0,5.073909,7.506728,0.101974,0.170748,0.106928
1,432,0,7,0,0,3.472569,7.506728,0.101974,0.170748,0.106928
1,504,0,7,0,0,3.501365,7.506728,0.101974,0.170748,0.106928
1,600,0,7,0,0,5.930274,7.506728,0.101974,0.170748,0.106928
1,672,150,1,1,1,0.000000,7.506728,0.101974,0.170748,0.106928
1,696,0,7,0,0,6.030214,7.506728,0.101974,0.170748,0.106928
1,768,0,7,0,0,2.682701,7.506728,0.101974,0.170748,0.106928
1,840,0,7,0,0,3.807245,7.506728,0.101974,0.170748,0.106928
1,1008,0,7,0,0,6.184814,7.506728,0.101974,0.170748,0.106928
2,0,1,3,1,1,0.000000,15.629477,0.111260,0.180984,0.091013
2,0,1,4,1,1,0.000000,15.629477,0.111260,0.180984,0.091013
2,0,1,5,1,1,0.000000,15.629477,0.111260,0.180984,0.091013
2,0,1,6,1,1,0.000000,15.629477,0.111260,0.180984,0.091013
2,0,1,7,1,1,0.000000,15.629477,0.111260,0.180984,0.091013
2,0,150,1,1,1,0.000000,15.629477,0.111260,0.180984,0.091013
2,24,0,7,0,0,2.954117,15.629477,0.111260,0.180984,0.091013
2,96,0,7,0,0,3.024853,15.629477,0.111260,0.180984,0.091013
2,168,0,7,0,0,2.995773,15.629477,0.111260,0.180984,0.091013
2,264,0,7,0,0,2.616848,15.629477,0.111260,0.180984,0.091013
2,336,150,1,1,1,0.000000,15.629477,0.111260,0.180984,0.091013
2,360,0,7,0,0,2.446968,15.629477,0.111260,0.180984,0.091013
2,432,0,7,0,0,1.938562,15.629477,0.111260,0.180984,0.091013
2,504,0,7,0,0,2.915481,15.629477,0.111260,0.180984,0.091013
2,600,0,7,0,0,2.594908,15.629477,0.111260,0.180984,0.091013
2,672,150,1,1,1,0.000000,15.629477,0.111260,0.180984,0.091013
2,696,0,7,0,0,3.280803,15.629477,0.111260,0.180984,0.091013
2,768,0,7,0,0,2.488946,15.629477,0.111260,0.180984,0.091013
2,840,0,7,0,0,1.872750,15.629477,0.111260,0.180984,0.091013
2,1008,0,7,0,0,2.592373,15.629477,0.111260,0.180984,0.091013
3,0,1,3,1,1,0.000000,13.354994,0.137451,0.184615,0.080894
3,0,1,4,1,1,0.000000,13.354994,0.137451,0.184615,0.080894
3,0,1,5,1,1,0.000000,13.354994,0.137451,0.184615,0.080894
3,0,1,6,1,1,0.000000,13.354994,0.137451,0.184615,0.080894
3,0,1,7,1,1,0.000000,13.354994,0.137451,0.184615,0.080894
3,0,150,1,1,1,0.000000,13.354994,0.137451,0.184615,0.080894
3,24,0,7,0,0,4.453070,13.354994,0.137451,0.184615,0.080894
3,96,0,7,0,0,3.833669,13.354994,0.137451,0.184615,0.080894
3,168,0,7,0,0,4.875593,13.354994,0.137451,0.184615,0.080894
3,264,0,7,0,0,4.079873,13.354994,0.137451,0.184615,0.080894
3,336,150,1,1,1,0.000000,13.354994,0.137451,0.184615,0.080894
3,360,0,7,0,0,5.300052,13.354994,0.137451,0.184615,0.080894
3,432,0,7,0,0,4.463988,13.354994,0.137451,0.184615,0.080894
3,504,0,7,0,0,3.395703,13.354994,0.137451,0.184615,0.080894
3,600,0,7,0,0,5.454678,13.354994,0.137451,0.184615,0.080894
3,672,150,1,1,1,0.000000,13.354994,0.137451,0.184615,0.080894
3,696,0,7,0,0,4.726513,13.354994,0.137451,0.184615,0.080894
3,768,0,7,0,0,2.588454,13.354994,0.137451,0.184615,0.080894
3,840,0,7,0,0,3.364480,13.354994,0.137451,0.184615,0.080894
3,1008,0,7,0,0,5.275148,13.354994,0.137451,0.184615,0.080894
4,0,1,3,1,1,0.000000,8.938862,0.139225,0.242593,0.100017
4,0,1,4,1,1,0.000000,8.938862,0.139225,0.242593,0.100017
4,0,1,5,1,1,0.000000,8.938862,0.139225,0.242593,0.100017
4,0,1,6,1,1,0.000000,8.938862,0.139225,0.242593,0.100017
4,0,1,7,1,1,0.000000,8.938862,0.139225,0.242593,0.100017
4,0,150,1,1,1,0.000000,8.938862,0.139225,0.242593,0.100017
4,24,0,7,0,0,3.126679,8.938862,0.139225,0.242593,0.100017
4,96,0,7,0,0,2.417142,8.938862,0.139225,0.242593,0.100017
4,168,0,7,0,0,2.915849,8.938862,0.139225,0.242593,0.100017
4,264,0,7,0,0,2.071616,8.938862,0.139225,0.242593,0.100017
4,336,150,1,1,1,0.000000,8.938862,0.139225,0.242593,0.100017
4,360,0,7,0,0,1.924088,8.938862,0.139225,0.242593,0.100017
4,432,0,7,0,0,1.764496,8.938862,0.139225,0.242593,0.100017
4,504,0,7,0,0,1.735287,8.938862,0.139225,0.242593,0.100017
4,600,0,7,0,0,1.994419,8.938862,0.139225,0.242593,0.100017
4,672,150,1,1,1,0.000000,8.938862,0.139225,0.242593,0.100017
4,696,0,7,0,0,2.137445,8.938862,0.139225,0.242593,0.100017
4,768,0,7,0,0,3.083984,8.938862,0.139225,0.242593,0.100017
4,840,0,7,0,0,1.591704,8.938862,0.139225,0.242593,0.100017
4,1008,0,7,0,0,2.566032,8.938862,0.139225,0.242593,0.100017
5,0,1,3,1,1,0.000000,10.028590,0.092831,0.158498,0.111471
5,0,1,4,1,1,0.000000,10.028590,0.092831,0.158498,0.111471
5,0,1,5,1,1,0.000000,10.028590,0.092831,0.158498,0.111471
5,0,1,6,1,1,0.000000,10.028590,0.092831,0.158498,0.111471
5,0,1,7,1,1,0.000000,10.028590,0.092831,0.158498,0.111471
5,0,150,1,1,1,0.000000,10.028590,0.092831,0.158498,0.111471
5,24,0,7,0,0,4.005841,10.028590,0.092831,0.158498,0.111471
5,96,0,7,0,0,2.401234,10.028590,0.092831,0.158498,0.111471
5,168,0,7,0,0,2.078146,10.028590,0.092831,0.158498,0.111471
5,264,0,7,0,0,3.919930,10.028590,0.092831,0.158498,0.111471
5,336,150,1,1,1,0.000000,10.028590,0.092831,0.158498,0.111471
5,360,0,7,0,0,4.034139,10.028590,0.092831,0.158498,0.111471
5,432,0,7,0,0,2.036751,10.028590,0.092831,0.158498,0.111471
5,504,0,7,0,0,1.810959,10.028590,0.092831,0.158498,0.111471
5,600,0,7,0,0,4.452908,10.028590,0.092831,0.158498,0.111471
5,672,150,1,1,1,0.000000,10.028590,0.092831,0.158498,0.111471
5,696,0,7,0,0,4.605058,10.028590,0.092831,0.158498,0.111471
5,768,0,7,0,0,1.836456,10.028590,0.092831,0.158498,0.111471
5,840,0,7,0,0,1.321668,10.028590,0.092831,0.158498,0.111471
5,1008,0,7,0,0,4.228546,10.028590,0.092831,0.158498,0.111471
6,0,1,3,1,1,0.000000,8.318019,0.099894,0.151389,0.110059
6,0,1,4,1,1,0.000000,8.318019,0.099894,0.151389,0.110059
6,0,1,5,1,1,0.000000,8.318019,0.099894,0.151389,0.110059
6,0,1,6,1,1,0.000000,8.318019,0.099894,0.151389,0.110059
6,0,1,7,1,1,0.000000,8.318019,0.099894,0.151389,0.110059
6,0,150,1,1,1,0.000000,8.318019,0.099894,0.151389,0.110059
6,24,0,7,0,0,4.499820,8.318019,0.099894,0.151389,0.110059
6,96,0,7,0,0,4.649529,8.318019,0.099894,0.151389,0.110059
6,168,0,7,0,0,3.448884,8.318019,0.099894,0.151389,0.110059
6,264,0,7,0,0,2.952750,8.318019,0.099894,0.151389,0.110059
6,336,150,1,1,1,0.000000,8.318019,0.099894,0.151389,0.110059
6,360,0,7,0,0,3.014530,8.318019,0.099894,0.151389,0.110059
6,432,0,7,0,0,4.019601,8.318019,0.099894,0.151389,0.110059
6,504,0,7,0,0,4.038120,8.318019,0.099894,0.151389,0.110059
6,600,0,7,0,0,2.937464,8.318019,0.099894,0.151389,0.110059
6,672,150,1,1,1,0.000000,8.318019,0.099894,0.151389,0.110059
6,696,0,7,0,0,3.828676,8.318019,0.099894,0.151389,0.110059
6,768,0,7,0,0,4.136085,8.318019,0.099894,0.151389,0.110059
6,840,0,7,0,0,3.790042,8.318019,0.099894,0.151389,0.110059
6,1008,0,7,0,0,4.853963,8.318019,0.099894,0.151389,0.110059
7,0,1,3,1,1,0.000000,11.650082,0.112242,0.239288,0.071883
7,0,1,4,1,1,0.000000,11.650082,0.112242,0.239288,0.071883
7,0,1,5,1,1,0.000000,11.650082,0.112242,0.239288,0.071883
7,0,1,6,1,1,0.000000,11.650082,0.112242,0.239288,0.071883
7,0,1,7,1,1,0.000000,11.650082,0.112242,0.239288,0.071883
7,0,150,1,1,1,0.000000,11.650082,0.112242,0.239288,0.071883
7,24,0,7,0,0,4.722839,11.650082,0.112242,0.239288,0.071883
7,96,0,7,0,0,4.154052,11.650082,0.112242,0.239288,0.071883
7,168,0,7,0,0,3.214275,11.650082,0.112242,0.239288,0.071883
7,264,0,7,0,0,4.698436,11.650082,0.112242,0.239288,0.071883
7,336,150,1,1,1,0.000000,11.650082,0.112242,0.239288,0.071883
7,360,0,7,0,0,4.013006,11.650082,0.112242,0.239288,0.071883
7,432,0,7,0,0,4.403950,11.650082,0.112242,0.239288,0.071883
7,504,0,7,0,0,4.477110,11.650082,0.112242,0.239288,0.071883
7,600,0,7,0,0,4.559853,11.650082,0.112242,0.239288,0.071883
7,672,150,1,1,1,0.000000,11.650082,0.112242,0.239288,0.071883
7,696,0,7,0,0,4.956292,11.650082,0.112242,0.239288,0.071883
7,768,0,7,0,0,3.736084,11.650082,0.112242,0.239288,0.071883
7,840,0,7,0,0,4.125764,11.650082,0.112242,0.239288,0.071883
7,1008,0,7,0,0,5.505753,11.650082,0.112242,0.239288,0.071883
8,0,1,3,1,1,0.000000,10.726393,0.076766,0.214692,0.093914
8,0,1,4,1,1,0.000000,10.726393,0.076766,0.214692,0.093914
8,0,1,5,1,1,0.000000,10.726393,0.076766,0.214692,0.093914
8,0,1,6,1,1,0.000000,10.726393,0.076766,0.214692,0.093914
8,0,1,7,1,1,0.000000,10.726393,0.076766,0.214692,0.093914
8,0,150,1,1,1,0.000000,10.726393,0.076766,0.214692,0.093914
8,24,0,7,0,0,4.302592,10.726393,0.076766,0.214692,0.093914
8,96,0,7,0,0,3.663954,10.726393,0.076766,0.214692,0.093914
8,168,0,7,0,0,3.175590,10.726393,0.076766,0.214692,0.093914
8,264,0,7,0,0,2.162411,10.726393,0.076766,0.214692,0.093914
8,336,150,1,1,1,0.000000,10.726393,0.076766,0.214692,0.093914
8,360,0,7,0,0,4.564551,10.726393,0.076766,0.214692,0.093914
8,432,0,7,0,0,3.920538,10.726393,0.076766,0.214692,0.093914
8,504,0,7,0,0,2.318567,10.726393,0.076766,0.214692,0.093914
8,600,0,7,0,0,3.374922,10.726393,0.076766,0.214692,0.093914
8,672,150,1,1,1,0.000000,10.726393,0.076766,0.214692,0.093914
8,696,0,7,0,0,4.489270,10.726393,0.076766,0.214692,0.093914
8,768,0,7,0,0,3.426529,10.726393,0.076766,0.214692,0.093914
8,840,0,7,0,0,2.825118,10.726393,0.076766,0.214692,0.093914
8,1008,0,7,0,0,3.178962,10.726393,0.076766,0.214692,0.093914
9,0,1,3,1,1,0.000000,13.004511,0.101963,0.165152,0.094333
9,0,1,4,1,1,0.000000,13.004511,0.101963,0.165152,0.094333
9,0,1,5,1,1,0.000000,13.004511,0.101963,0.165152,0.094333
9,0,1,6,1,1,0.000000,13.004511,0.101963,0.165152,0.094333
9,0,1,7,1,1,0.000000,13.004511,0.101963,0.165152,0.094333
9,0,150,1,1,1,0.000000,13.004511,0.101963,0.165152,0.094333
9,24,0,7,0,0,5.735481,13.004511,0.101963,0.165152,0.094333
9,96,0,7,0,0,2.963818,13.004511,0.101963,0.165152,0.094333
9,168,0,7,0,0,3.380971,13.004511,0.101963,0.165152,0.094333
9,264,0,7,0,0,3.935279,13.004511,0.101963,0.165152,0.094333
9,336,150,1,1,1,0.000000,13.004511,0.101963,0.165152,0.094333
9,360,0,7,0,0,4.273706,13.004511,0.101963,0.165152,0.094333
9,432,0,7,0,0,4.023074,13.004511,0.101963,0.165152,0.094333
9,504,0,7,0,0,3.826454,13.004511,0.101963,0.165152,0.094333
9,600,0,7,0,0,3.504269,13.004511,0.101963,0.165152,0.094333
9,672,150,1,1,1,0.000000,13.004511,0.101963,0.165152,0.094333
9,696,0,7,0,0,4.613247,13.004511,0.101963,0.165152,0.094333
9,768,0,7,0,0,3.752985,13.004511,0.101963,0.165152,0.094333
9,840,0,7,0,0,3.184334,13.004511,0.101963,0.165152,0.094333
9,1008,0,7,0,0,4.760451,13.004511,0.101963,0.165152,0.094333
10,0,1,3,1,1,0.000000,12.235254,0.090921,0.160074,0.084507
10,0,1,4,1,1,0.000000,12.235254,0.090921,0.160074,0.084507
10,0,1,5,1,1,0.000000,12.235254,0.090921,0.160074,0.084507
10,0,1,6,1,1,0.000000,12.235254,0.090921,0.160074,0.084507
10,0,1,7,1,1,0.000000,12.235254,0.090921,0.160074,0.084507
10,0,150,1,1,1,0.000000,12.235254,0.090921,0.160074,0.084507
10,24,0,7,0,0,3.738827,12.235254,0.090921,0.160074,0.084507
10,96,0,7,0,0,3.007354,12.235254,0.090921,0.160074,0.084507
10,168,0,7,0,0,2.418194,12.235254,0.090921,0.160074,0.084507
10,264,0,7,0,0,2.826545,12.235254,0.090921,0.160074,0.084507
10,336,150,1,1,1,0.000000,12.235254,0.090921,0.160074,0.084507
10,360,0,7,0,0,4.074505,12.235254,0.090921,0.160074,0.084507
10,432,0,7,0,0,3.659008,12.235254,0.090921,0.160074,0.084507
10,504,0,7,0,0,2.520848,12.235254,0.090921,0.160074,0.084507
10,600,0,7,0,0,2.943562,12.235254,0.090921,0.160074,0.084507
10,672,150,1,1,1,0.000000,12.235254,0.090921,0.160074,0.084507
10,696,0,7,0,0,2.553667,12.235254,0.090921,0.160074,0.084507
10,768,0,7,0,0,4.163445,12.235254,0.090921,0.160074,0.084507
10,840,0,7,0,0,2.508931,12.235254,0.090921,0.160074,0.084507
10,1008,0,7,0,0,2.821317,12.235254,0.090921,0.160074,0.084507
11,0,1,3,1,1,0.000000,10.895098,0.094678,0.188144,0.065199
11,0,1,4,1,1,0.000000,10.895098,0.094678,0.188144,0.065199
11,0,1,5,1,1,0.000000,10.895098,0.094678,0.188144,0.065199
11,0,1,6,1,1,0.000000,10.895098,0.094678,0.188144,0.065199
11,0,1,7,1,1,0.000000,10.895098,0.094678,0.188144,0.065199
11,0,150,1,1,1,0.000000,10.895098,0.094678,0.188144,0.065199
11,24,0,7,0,0,9.020784,10.895098,0.094678,0.188144,0.065199
11,96,0,7,0,0,6.977744,10.895098,0.094678,0.188144,0.065199
11,168,0,7,0,0,3.302933,10.895098,0.094678,0.188144,0.065199
11,264,0,7,0,0,4.438884,10.895098,0.094678,0.188144,0.065199
11,336,150,1,1,1,0.000000,10.895098,0.094678,0.188144,0.065199
11,360,0,7,0,0,8.660621,10.895098,0.094678,0.188144,0.065199
11,432,0,7,0,0,5.680646,10.895098,0.094678,0.188144,0.065199
11,504,0,7,0,0,5.101644,10.895098,0.094678,0.188144,0.065199
11,600,0,7,0,0,5.858478,10.895098,0.094678,0.188144,0.065199
11,672,150,1,1,1,0.000000,10.895098,0.094678,0.188144,0.065199
11,696,0,7,0,0,7.587551,10.895098,0.094678,0.188144,0.065199
11,768,0,7,0,0,6.156678,10.895098,0.094678,0.188144,0.065199
11,840,0,7,0,0,4.379735,10.895098,0.094678,0.188144,0.065199
11,1008,0,7,0,0,7.722575,10.895098,0.094678,0.188144,0.065199
12,0,1,3,1,1,0.000000,10.976364,0.094354,0.203928,0.104414
12,0,1,4,1,1,0.000000,10.976364,0.094354,0.203928,0.104414
12,0,1,5,1,1,0.000000,10.976364,0.094354,0.203928,0.104414
12,0,1,6,1,1,0.000000,10.976364,0.094354,0.203928,0.104414
12,0,1,7,1,1,0.000000,10.976364,0.094354,0.203928,0.104414
12,0,150,1,1,1,0.000000,10.976364,0.094354,0.203928,0.104414
12,24,0,7,0,0,4.111009,10.976364,0.094354,0.203928,0.104414
12,96,0,7,0,0,3.999346,10.976364,0.094354,0.203928,0.104414
12,168,0,7,0,0,1.663782,10.976364,0.094354,0.203928,0.104414
12,264,0,7,0,0,4.827250,10.976364,0.094354,0.203928,0.104414
12,336,150,1,1,1,0.000000,10.976364,0.094354,0.203928,0.104414
12,360,0,7,0,0,6.662070,10.976364,0.094354,0.203928,0.104414
12,432,0,7,0,0,3.785767,10.976364,0.094354,0.203928,0.104414
12,504,0,7,0,0,3.297643,10.976364,0.094354,0.203928,0.104414
12,600,0,7,0,0,4.541171,10.976364,0.094354,0.203928,0.104414
12,672,150,1,1,1,0.000000,10.976364,0.094354,0.203928,0.104414
12,696,0,7,0,0,8.166990,10.976364,0.094354,0.203928,0.104414
12,768,0,7,0,0,4.649852,10.976364,0.094354,0.203928,0.104414
12,840,0,7,0,0,2.694548,10.976364,0.094354,0.203928,0.104414
12,1008,0,7,0,0,7.136530,10.976364,0.094354,0.203928,0.104414
13,0,1,3,1,1,0.000000,10.691809,0.115328,0.225254,0.070061
13,0,1,4,1,1,0.000000,10.691809,0.115328,0.225254,0.070061
13,0,1,5,1,1,0.000000,10.691809,0.115328,0.225254,0.070061
13,0,1,6,1,1,0.000000,10.691809,0.115328,0.225254,0.070061
13,0,1,7,1,1,0.000000,10.691809,0.115328,0.225254,0.070061
13,0,150,1,1,1,0.000000,10.691809,0.115328,0.225254,0.070061
13,24,0,7,0,0,4.034390,10.691809,0.115328,0.225254,0.070061
13,96,0,7,0,0,5.389656,10.691809,0.115328,0.225254,0.070061
13,168,0,7,0,0,4.082092,10.691809,0.115328,0.225254,0.070061
13,264,0,7,0,0,3.106233,10.691809,0.115328,0.225254,0.070061
13,336,150,1,1,1,0.000000,10.691809,0.115328,0.225254,0.070061
13,360,0,7,0,0,4.169979,10.691809,0.115328,0.225254,0.070061
13,432,0,7,0,0,4.541084,10.691809,0.115328,0.225254,0.070061
13,504,0,7,0,0,4.204803,10.691809,0.115328,0.225254,0.070061
13,600,0,7,0,0,4.118452,10.691809,0.115328,0.225254,0.070061
13,672,150,1,1,1,0.000000,10.691809,0.115328,0.225254,0.070061
13,696,0,7,0,0,5.159942,10.691809,0.115328,0.225254,0.070061
13,768,0,7,0,0,5.226928,10.691809,0.115328,0.225254,0.070061
13,840,0,7,0,0,4.103181,10.691809,0.115328,0.225254,0.070061
13,1008,0,7,0,0,5.203949,10.691809,0.115328,0.225254,0.070061
14,0,1,3,1,1,0.000000,8.246203,0.095973,0.204816,0.086798
14,0,1,4,1,1,0.000000,8.246203,0.095973,0.204816,0.086798
14,0,1,5,1,1,0.000000,8.246203,0.095973,0.204816,0.086798
14,0,1,6,1,1,0.000000,8.246203,0.095973,0.204816,0.086798
14,0,1,7,1,1,0.000000,8.246203,0.095973,0.204816,0.086798
14,0,150,1,1,1,0.000000,8.246203,0.095973,0.204816,0.086798
14,24,0,7,0,0,9.336097,8.246203,0.095973,0.204816,0.086798
14,96,0,7,0,0,7.826764,8.246203,0.095973,0.204816,0.086798
14,168,0,7,0,0,4.746234,8.246203,0.095973,0.204816,0.086798
14,264,0,7,0,0,7.211568,8.246203,0.095973,0.204816,0.086798
14,336,150,1,1,1,0.000000,8.246203,0.095973,0.204816,0.086798
14,360,0,7,0,0,6.719088,8.246203,0.095973,0.204816,0.086798
14,432,0,7,0,0,6.102368,8.246203,0.095973,0.204816,0.086798
14,504,0,7,0,0,5.111355,8.246203,0.095973,0.204816,0.086798
14,600,0,7,0,0,6.180101,8.246203,0.095973,0.204816,0.086798
14,672,150,1,1,1,0.000000,8.246203,0.095973,0.204816,0.086798
14,696,0,7,0,0,6.268571,8.246203,0.095973,0.204816,0.086798
14,768,0,7,0,0,8.071504,8.246203,0.095973,0.204816,0.086798
14,840,0,7,0,0,5.243024,8.246203,0.095973,0.204816,0.086798
14,1008,0,7,0,0,8.754493,8.246203,0.095973,0.204816,0.086798
15,0,1,3,1,1,0.000000,10.107254,0.079379,0.164781,0.122545
15,0,1,4,1,1,0.000000,10.107254,0.079379,0.164781,0.122545
15,0,1,5,1,1,0.000000,10.107254,0.079379,0.164781,0.122545
15,0,1,6,1,1,0.000000,10.107254,0.079379,0.164781,0.122545
15,0,1,7,1,1,0.000000,10.107254,0.079379,0.164781,0.122545
15,0,150,1,1,1,0.000000,10.107254,0.079379,0.164781,0.122545
15,24,0,7,0,0,4.087845,10.107254,0.079379,0.164781,0.122545
15,96,0,7,0,0,3.853044,10.107254,0.079379,0.164781,0.122545
15,168,0,7,0,0,2.834687,10.107254,0.079379,0.164781,0.122545
15,264,0,7,0,0,3.009908,10.107254,0.079379,0.164781,0.122545
15,336,150,1,1,1,0.000000,10.107254,0.079379,0.164781,0.122545
15,360,0,7,0,0,2.954027,10.107254,0.079379,0.164781,0.122545
15,432,0,7,0,0,3.220756,10.107254,0.079379,0.164781,0.122545
15,504,0,7,0,0,1.891477,10.107254,0.079379,0.164781,0.122545
15,600,0,7,0,0,2.746751,10.107254,0.079379,0.164781,0.122545
15,672,150,1,1,1,0.000000,10.107254,0.079379,0.164781,0.122545
15,696,0,7,0,0,3.181917,10.107254,0.079379,0.164781,0.122545
15,768,0,7,0,0,3.610069,10.107254,0.079379,0.164781,0.122545
15,840,0,7,0,0,2.851076,10.107254,0.079379,0.164781,0.122545
15,1008,0,7,0,0,3.796221,10.107254,0.079379,0.164781,0.122545
16,0,1,3,1,1,0.000000,8.943860,0.095775,0.185017,0.094989
16,0,1,4,1,1,0.000000,8.943860,0.095775,0.185017,0.094989
16,0,1,5,1,1,0.000000,8.943860,0.095775,0.185017,0.094989
16,0,1,6,1,1,0.000000,8.943860,0.095775,0.185017,0.094989
16,0,1,7,1,1,0.000000,8.943860,0.095775,0.185017,0.094989
16,0,150,1,1,1,0.000000,8.943860,0.095775,0.185017,0.094989
16,24,0,7,0,0,4.485106,8.943860,0.095775,0.185017,0.094989
16,96,0,7,0,0,4.309279,8.943860,0.095775,0.185017,0.094989
16,168,0,7,0,0,4.099826,8.943860,0.095775,0.185017,0.094989
16,264,0,7,0,0,5.787140,8.943860,0.095775,0.185017,0.094989
16,336,150,1,1,1,0.000000,8.943860,0.095775,0.185017,0.094989
16,360,0,7,0,0,4.943989,8.943860,0.095775,0.185017,0.094989
16,432,0,7,0,0,3.551114,8.943860,0.095775,0.185017,0.094989
16,504,0,7,0,0,3.979718,8.943860,0.095775,0.185017,0.094989
16,600,0,7,0,0,4.257557,8.943860,0.095775,0.185017,0.094989
16,672,150,1,1,1,0.000000,8.943860,0.095775,0.185017,0.094989
16,696,0,7,0,0,4.862800,8.943860,0.095775,0.185017,0.094989
16,768,0,7,0,0,3.071876,8.943860,0.095775,0.185017,0.094989
16,840,0,7,0,0,3.878935,8.943860,0.095775,0.185017,0.094989
16,1008,0,7,0,0,4.976501,8.943860,0.095775,0.185017,0.094989
17,0,1,3,1,1,0.000000,9.354927,0.107804,0.221391,0.123820
17,0,1,4,1,1,0.000000,9.354927,0.107804,0.221391,0.123820
17,0,1,5,1,1,0.000000,9.354927,0.107804,0.221391,0.123820
17,0,1,6,1,1,0.000000,9.354927,0.107804,0.221391,0.123820
17,0,1,7,1,1,0.000000,9.354927,0.107804,0.221391,0.123820
17,0,150,1,1,1,0.000000,9.354927,0.107804,0.221391,0.123820
17,24,0,7,0,0,4.213776,9.354927,0.107804,0.221391,0.123820
17,96,0,7,0,0,3.258729,9.354927,0.107804,0.221391,0.123820
17,168,0,7,0,0,2.409428,9.354927,0.107804,0.221391,0.123820
17,264,0,7,0,0,2.869971,9.354927,0.107804,0.221391,0.123820
17,336,150,1,1,1,0.000000,9.354927,0.107804,0.221391,0.123820
17,360,0,7,0,0,4.308438,9.354927,0.107804,0.221391,0.123820
17,432,0,7,0,0,3.898642,9.354927,0.107804,0.221391,0.123820
17,504,0,7,0,0,3.241382,9.354927,0.107804,0.221391,0.123820
17,600,0,7,0,0,3.694037,9.354927,0.107804,0.221391,0.123820
17,672,150,1,1,1,0.000000,9.354927,0.107804,0.221391,0.123820
17,696,0,7,0,0,3.654288,9.354927,0.107804,0.221391,0.123820
17,768,0,7,0,0,3.719151,9.354927,0.107804,0.221391,0.123820
17,840,0,7,0,0,2.815062,9.354927,0.107804,0.221391,0.123820
17,1008,0,7,0,0,4.072868,9.354927,0.107804,0.221391,0.123820
18,0,1,3,1,1,0.000000,5.737968,0.075785,0.163596,0.074187
18,0,1,4,1,1,0.000000,5.737968,0.075785,0.163596,0.074187
18,0,1,5,1,1,0.000000,5.737968,0.075785,0.163596,0.074187
18,0,1,6,1,1,0.000000,5.737968,0.075785,0.163596,0.074187
18,0,1,7,1,1,0.000000,5.737968,0.075785,0.163596,0.074187
18,0,150,1,1,1,0.000000,5.737968,0.075785,0.163596,0.074187
18,24,0,7,0,0,5.711881,5.737968,0.075785,0.163596,0.074187
18,96,0,7,0,0,3.938737,5.737968,0.075785,0.163596,0.074187
18,168,0,7,0,0,2.680215,5.737968,0.075785,0.163596,0.074187
18,264,0,7,0,0,2.519509,5.737968,0.075785,0.163596,0.074187
18,336,150,1,1,1,0.000000,5.737968,0.075785,0.163596,0.074187
18,360,0,7,0,0,3.413501,5.737968,0.075785,0.163596,0.074187
18,432,0,7,0,0,2.709087,5.737968,0.075785,0.163596,0.074187
18,504,0,7,0,0,2.487795,5.737968,0.075785,0.163596,0.074187
18,600,0,7,0,0,2.985526,5.737968,0.075785,0.163596,0.074187
18,672,150,1,1,1,0.000000,5.737968,0.075785,0.163596,0.074187
18,696,0,7,0,0,4.388666,5.737968,0.075785,0.163596,0.074187
18,768,0,7,0,0,3.119624,5.737968,0.075785,0.163596,0.074187
18,840,0,7,0,0,1.940945,5.737968,0.075785,0.163596,0.074187
18,1008,0,7,0,0,3.532769,5.737968,0.075785,0.163596,0.074187
19,0,1,3,1,1,0.000000,8.626668,0.106067,0.169456,0.139892
19,0,1,4,1,1,0.000000,8.626668,0.106067,0.169456,0.139892
19,0,1,5,1,1,0.000000,8.626668,0.106067,0.169456,0.139892
19,0,1,6,1,1,0.000000,8.626668,0.106067,0.169456,0.139892
19,0,1,7,1,1,0.000000,8.626668,0.106067,0.169456,0.139892
19,0,150,1,1,1,0.000000,8.626668,0.106067,0.169456,0.139892
19,24,0,7,0,0,3.411673,8.626668,0.106067,0.169456,0.139892
19,96,0,7,0,0,2.523618,8.626668,0.106067,0.169456,0.139892
19,168,0,7,0,0,1.803378,8.626668,0.106067,0.169456,0.139892
19,264,0,7,0,0,1.790908,8.626668,0.106067,0.169456,0.139892
19,336,150,1,1,1,0.000000,8.626668,0.106067,0.169456,0.139892
19,360,0,7,0,0,2.223983,8.626668,0.106067,0.169456,0.139892
19,432,0,7,0,0,2.386499,8.626668,0.106067,0.169456,0.139892
19,504,0,7,0,0,2.147261,8.626668,0.106067,0.169456,0.139892
19,600,0,7,0,0,2.416516,8.626668,0.106067,0.169456,0.139892
19,672,150,1,1,1,0.000000,8.626668,0.106067,0.169456,0.139892
19,696,0,7,0,0,3.005307,8.626668,0.106067,0.169456,0.139892
19,768,0,7,0,0,2.518688,8.626668,0.106067,0.169456,0.139892
19,840,0,7,0,0,1.996394,8.626668,0.106067,0.169456,0.139892
19,1008,0,7,0,0,1.835265,8.626668,0.106067,0.169456,0.139892
20,0,1,3,1,1,0.000000,16.517991,0.106866,0.222923,0.069237
20,0,1,4,1,1,0.000000,16.517991,0.106866,0.222923,0.069237
20,0,1,5,1,1,0.000000,16.517991,0.106866,0.222923,0.069237
20,0,1,6,1,1,0.000000,16.517991,0.106866,0.222923,0.069237
20,0,1,7,1,1,0.000000,16.517991,0.106866,0.222923,0.069237
20,0,150,1,1,1,0.000000,16.517991,0.106866,0.222923,0.069237
20,24,0,7,0,0,4.597881,16.517991,0.106866,0.222923,0.069237
20,96,0,7,0,0,4.999673,16.517991,0.106866,0.222923,0.069237
20,168,0,7,0,0,5.129284,16.517991,0.106866,0.222923,0.069237
20,264,0,7,0,0,5.277657,16.517991,0.106866,0.222923,0.069237
20,336,150,1,1,1,0.000000,16.517991,0.106866,0.222923,0.069237
20,360,0,7,0,0,5.118858,16.517991,0.106866,0.222923,0.069237
20,432,0,7,0,0,3.788949,16.517991,0.106866,0.222923,0.069237
20,504,0,7,0,0,3.861922,16.517991,0.106866,0.222923,0.069237
20,600,0,7,0,0,4.670436,16.517991,0.106866,0.222923,0.069237
20,672,150,1,1,1,0.000000,16.517991,0.106866,0.222923,0.069237
20,696,0,7,0,0,5.785525,16.517991,0.106866,0.222923,0.069237
20,768,0,7,0,0,4.906108,16.517991,0.106866,0.222923,0.069237
20,840,0,7,0,0,4.185772,16.517991,0.106866,0.222923,0.069237
20,1008,0,7,0,0,4.833685,16.517991,0.106866,0.222923,0.069237
21,0,1,3,1,1,0.000000,10.478761,0.115845,0.168397,0.102400
21,0,1,4,1,1,0.000000,10.478761,0.115845,0.168397,0.102400
21,0,1,5,1,1,0.000000,10.478761,0.115845,0.168397,0.102400
21,0,1,6,1,1,0.000000,10.478761,0.115845,0.168397,0.102400
21,0,1,7,1,1,0.000000,10.478761,0.115845,0.168397,0.102400
21,0,150,1,1,1,0.000000,10.478761,0.115845,0.168397,0.102400
21,24,0,7,0,0,6.502569,10.478761,0.115845,0.168397,0.102400
21,96,0,7,0,0,3.797612,10.478761,0.115845,0.168397,0.102400
21,168,0,7,0,0,2.693267,10.478761,0.115845,0.168397,0.102400
21,264,0,7,0,0,5.815448,10.478761,0.115845,0.168397,0.102400
21,336,150,1,1,1,0.000000,10.478761,0.115845,0.168397,0.102400
21,360,0,7,0,0,6.701820,10.478761,0.115845,0.168397,0.102400
21,432,0,7,0,0,3.690895,10.478761,0.115845,0.168397,0.102400
21,504,0,7,0,0,2.028822,10.478761,0.115845,0.168397,0.102400
21,600,0,7,0,0,4.872364,10.478761,0.115845,0.168397,0.102400
21,672,150,1,1,1,0.000000,10.478761,0.115845,0.168397,0.102400
21,696,0,7,0,0,7.137612,10.478761,0.115845,0.168397,0.102400
21,768,0,7,0,0,3.325310,10.478761,0.115845,0.168397,0.102400
21,840,0,7,0,0,3.071435,10.478761,0.115845,0.168397,0.102400
21,1008,0,7,0,0,6.074747,10.478761,0.115845,0.168397,0.102400
22,0,1,3,1,1,0.000000,9.065791,0.094627,0.232344,0.117100
22,0,1,4,1,1,0.000000,9.065791,0.094627,0.232344,0.117100
22,0,1,5,1,1,0.000000,9.065791,0.094627,0.232344,0.117100
22,0,1,6,1,1,0.000000,9.065791,0.094627,0.232344,0.117100
22,0,1,7,1,1,0.000000,9.065791,0.094627,0.232344,0.117100
22,0,150,1,1,1,0.000000,9.065791,0.094627,0.232344,0.117100
22,24,0,7,0,0,4.073067,9.065791,0.094627,0.232344,0.117100
22,96,0,7,0,0,2.405430,9.065791,0.094627,0.232344,0.117100
22,168,0,7,0,0,1.759260,9.065791,0.094627,0.232344,0.117100
22,264,0,7,0,0,1.753931,9.065791,0.094627,0.232344,0.117100
22,336,150,1,1,1,0.000000,9.065791,0.094627,0.232344,0.117100
22,360,0,7,0,0,2.434355,9.065791,0.094627,0.232344,0.117100
22,432,0,7,0,0,2.307791,9.065791,0.094627,0.232344,0.117100
22,504,0,7,0,0,2.156665,9.065791,0.094627,0.232344,0.117100
22,600,0,7,0,0,1.920850,9.065791,0.094627,0.232344,0.117100
22,672,150,1,1,1,0.000000,9.065791,0.094627,0.232344,0.117100
22,696,0,7,0,0,2.921666,9.065791,0.094627,0.232344,0.117100
22,768,0,7,0,0,2.571103,9.065791,0.094627,0.232344,0.117100
22,840,0,7,0,0,1.665828,9.065791,0.094627,0.232344,0.117100
22,1008,0,7,0,0,2.065524,9.065791,0.094627,0.232344,0.117100
23,0,1,3,1,1,0.000000,9.125725,0.108031,0.195987,0.120027
23,0,1,4,1,1,0.000000,9.125725,0.108031,0.195987,0.120027
23,0,1,5,1,1,0.000000,9.125725,0.108031,0.195987,0.120027
23,0,1,6,1,1,0.000000,9.125725,0.108031,0.195987,0.120027
23,0,1,7,1,1,0.000000,9.125725,0.108031,0.195987,0.120027
23,0,150,1,1,1,0.000000,9.125725,0.108031,0.195987,0.120027
23,24,0,7,0,0,5.866309,9.125725,0.108031,0.195987,0.120027
23,96,0,7,0,0,4.619096,9.125725,0.108031,0.195987,0.120027
23,168,0,7,0,0,4.048337,9.125725,0.108031,0.195987,0.120027
23,264,0,7,0,0,4.424938,9.125725,0.108031,0.195987,0.120027
23,336,150,1,1,1,0.000000,9.125725,0.108031,0.195987,0.120027
23,360,0,7,0,0,5.652528,9.125725,0.108031,0.195987,0.120027
23,432,0,7,0,0,4.181877,9.125725,0.108031,0.195987,0.120027
23,504,0,7,0,0,3.584406,9.125725,0.108031,0.195987,0.120027
23,600,0,7,0,0,3.160424,9.125725,0.108031,0.195987,0.120027
23,672,150,1,1,1,0.000000,9.125725,0.108031,0.195987,0.120027
23,696,0,7,0,0,5.789114,9.125725,0.108031,0.195987,0.120027
23,768,0,7,0,0,4.501158,9.125725,0.108031,0.195987,0.120027
23,840,0,7,0,0,3.703841,9.125725,0.108031,0.195987,0.120027
23,1008,0,7,0,0,4.542581,9.125725,0.108031,0.195987,0.120027
24,0,1,3,1,1,0.000000,8.864688,0.075499,0.268528,0.113989
24,0,1,4,1,1,0.000000,8.864688,0.075499,0.268528,0.113989
24,0,1,5,1,1,0.000000,8.864688,0.075499,0.268528,0.113989
24,0,1,6,1,1,0.000000,8.864688,0.075499,0.268528,0.113989
24,0,1,7,1,1,0.000000,8.864688,0.075499,0.268528,0.113989
24,0,150,1,1,1,0.000000,8.864688,0.075499,0.268528,0.113989
24,24,0,7,0,0,3.307421,8.864688,0.075499,0.268528,0.113989
24,96,0,7,0,0,3.102893,8.864688,0.075499,0.268528,0.113989
24,168,0,7,0,0,2.019837,8.864688,0.075499,0.268528,0.113989
24,264,0,7,0,0,3.272826,8.864688,0.075499,0.268528,0.113989
24,336,150,1,1,1,0.000000,8.864688,0.075499,0.268528,0.113989
24,360,0,7,0,0,4.307145,8.864688,0.075499,0.268528,0.113989
24,432,0,7,0,0,2.614605,8.864688,0.075499,0.268528,0.113989
24,504,0,7,0,0,1.464405,8.864688,0.075499,0.268528,0.113989
24,600,0,7,0,0,3.410962,8.864688,0.075499,0.268528,0.113989
24,672,150,1,1,1,0.000000,8.864688,0.075499,0.268528,0.113989
24,696,0,7,0,0,4.511762,8.864688,0.075499,0.268528,0.113989
24,768,0,7,0,0,2.058620,8.864688,0.075499,0.268528,0.113989
24,840,0,7,0,0,2.464089,8.864688,0.075499,0.268528,0.113989
24,1008,0,7,0,0,3.693848,8.864688,0.075499,0.268528,0.113989
